Season,Name,Position,Team,Birth.Date,GP,EVG,EVA1,EVA2,EVPTS,EVGF.PERC,TEAM.EVGF.PERC,EVGF.PERC.REL,PRIMARY.EVPTS,TEAM.PRIMARY.EVPTS,PERC.TEAM.EVPrPTS,IPP.EV,IPPP.EV,Draft.Eligible
2017 - 18 Regular Season,Kevin Davis,D,Everett Silvertips,1997-03-14,71,7,10,9,26,0.64,0.57,0.07,17,306,0.06,0.39,0.26,NO
2017 - 18 Regular Season,Keoni Texeira,D,Portland Winterhawks,1997-03-24,64,6,5,7,18,0.5,0.57,-0.07,11,345,0.03,0.39,0.24,NO
2017 - 18 Regular Season,Glenn Gawdin,F,Swift Current Broncos,1997-03-25,67,28,20,16,64,0.68,0.56,0.12,48,336,0.14,0.68,0.51,NO
2017 - 18 Regular Season,Nick Chyzowski,F,Kamloops Blazers,1997-06-03,72,9,12,7,28,0.45,0.49,-0.04,21,272,0.08,0.62,0.47,NO
2017 - 18 Regular Season,Jayden Halbgewachs,F,Moose Jaw Warriors,1997-03-22,72,36,32,14,82,0.62,0.61,0.01,68,446,0.15,0.79,0.65,NO
2017 - 18 Regular Season,Aaron Boyd,F,Prince George Cougars,1997-05-24,67,12,12,8,32,0.49,0.43,0.06,24,294,0.08,0.71,0.53,NO
2017 - 18 Regular Season,Brad Morrison,F,Lethbridge Hurricanes,1997-01-04,74,16,18,12,46,0.52,0.49,0.03,34,311,0.11,0.81,0.6,NO
2017 - 18 Regular Season,Tate Olson,D,Lethbridge Hurricanes,1997-03-21,54,1,7,6,14,0.46,0.49,-0.03,8,311,0.03,0.33,0.19,NO
2017 - 18 Regular Season,Tyler Soy,F,Victoria Royals,1997-02-10,66,20,20,9,49,0.6,0.53,0.07,40,351,0.11,0.73,0.6,NO
2017 - 18 Regular Season,Austin Strand,D,Seattle Thunderbirds,1997-02-17,69,11,11,12,34,0.52,0.5,0.02,22,329,0.07,0.44,0.29,NO
2017 - 18 Regular Season,Brayden Burke,F,Moose Jaw Warriors,1997-01-01,61,22,28,15,65,0.68,0.61,0.07,50,446,0.11,0.83,0.64,NO
2017 - 18 Regular Season,Grayson Pawlenchuk,F,Red Deer Rebels,1997-03-22,72,14,10,5,29,0.52,0.45,0.07,24,253,0.09,0.57,0.47,NO
2017 - 18 Regular Season,Matt Bradley,F,Regina Pats,1997-01-22,72,25,17,5,47,0.54,0.52,0.02,42,290,0.14,0.77,0.69,NO
2017 - 18 Regular Season,Giorgio Estephan,F,Lethbridge Hurricanes,1997-02-03,69,13,14,17,44,0.51,0.49,0.02,27,311,0.09,0.79,0.48,NO
2017 - 18 Regular Season,Matteo Gennaro,F,Calgary Hitmen,1997-03-30,67,23,19,6,48,0.56,0.45,0.11,42,287,0.15,0.84,0.74,NO
2017 - 18 Regular Season,Brady Reagan,D,Calgary Hitmen,1997-08-14,66,2,5,2,9,0.46,0.45,0.01,7,287,0.02,0.24,0.18,NO
2017 - 18 Regular Season,Jakob Stukel,F,Calgary Hitmen,1997-03-06,71,28,13,4,45,0.53,0.45,0.08,41,287,0.14,0.76,0.69,NO
2017 - 18 Regular Season,Braylon Shmyr,F,Saskatoon Blades,1997-05-16,72,24,23,7,54,0.52,0.47,0.05,47,316,0.15,0.72,0.63,NO
2017 - 18 Regular Season,Regan Nagy,F,Prince Albert Raiders,1997-05-11,57,18,7,5,30,0.55,0.5,0.05,25,347,0.07,0.61,0.51,NO
2017 - 18 Regular Season,Alec Baer,F,Kootenay ICE,1997-08-25,72,22,11,5,38,0.47,0.43,0.04,33,279,0.12,0.73,0.63,NO
2017 - 18 Regular Season,Chaz Reddekopp,D,Victoria Royals,1997-01-01,46,6,11,4,21,0.53,0.53,0,17,351,0.05,0.51,0.41,NO
2017 - 18 Regular Season,Jesse Gabrielle,F,Regina Pats,1997-06-17,27,7,3,2,12,0.48,0.52,-0.04,10,290,0.03,0.63,0.53,NO
2017 - 18 Regular Season,Matt Fonteyne,F,Everett Silvertips,1997-11-30,72,19,15,11,45,0.63,0.57,0.06,34,306,0.11,0.67,0.51,NO
2017 - 18 Regular Season,Hudson Elynuik,F,Spokane Chiefs,1997-10-12,71,20,19,16,55,0.57,0.54,0.03,39,372,0.1,0.8,0.57,NO
2017 - 18 Regular Season,Shane Collins,D,Prince George Cougars,1997-02-20,4,0,0,0,0,0.17,0.43,-0.26,0,294,0,0,0,NO
2017 - 18 Regular Season,Joe Gatenby,D,Kamloops Blazers,1997-05-15,72,8,12,13,33,0.58,0.49,0.09,20,272,0.07,0.43,0.26,NO
2017 - 18 Regular Season,Davis Koch,F,Edmonton Oil Kings,1998-06-13,68,14,16,7,37,0.47,0.47,0,30,305,0.1,0.71,0.58,NO
2017 - 18 Regular Season,Tyler Steenbergen,F,Swift Current Broncos,1998-01-07,56,33,13,18,64,0.71,0.56,0.15,46,336,0.14,0.8,0.57,NO
2017 - 18 Regular Season,Turner Ottenbreit,D,Seattle Thunderbirds,1997-07-09,64,6,12,9,27,0.55,0.5,0.05,18,329,0.05,0.34,0.22,NO
2017 - 18 Regular Season,Nolan Reid,D,Spokane Chiefs,1998-03-24,72,8,6,5,19,0.5,0.54,-0.04,14,372,0.04,0.32,0.23,NO
2017 - 18 Regular Season,Cameron Hebig,F,Regina Pats,1997-01-21,66,20,14,15,49,0.56,0.52,0.04,34,290,0.12,0.75,0.52,NO
2017 - 18 Regular Season,Patrick Bajkov,F,Everett Silvertips,1997-11-27,72,18,21,16,55,0.6,0.57,0.03,39,306,0.13,0.85,0.6,NO
2017 - 18 Regular Season,Curtis Miske,F,Prince Albert Raiders,1997-01-17,72,20,12,7,39,0.56,0.5,0.06,32,347,0.09,0.66,0.54,NO
2017 - 18 Regular Season,Jeff Faith,D,Spokane Chiefs,1998-01-06,60,5,8,3,16,0.62,0.54,0.08,13,372,0.03,0.52,0.42,NO
2017 - 18 Regular Season,Evan Fiala,D,Saskatoon Blades,1997-06-07,71,6,3,10,19,0.47,0.47,0,9,316,0.03,0.3,0.14,NO
2017 - 18 Regular Season,Jake Toporowski,D,Spokane Chiefs,1998-02-19,1,0,0,0,0,1,0.54,0.46,0,372,0,0,0,NO
2017 - 18 Regular Season,Brett Howden,F,Moose Jaw Warriors,1998-03-29,49,16,18,11,45,0.63,0.61,0.02,34,446,0.08,0.76,0.58,NO
2017 - 18 Regular Season,Ryan Bowen,F,Lethbridge Hurricanes,1998-12-10,13,1,3,1,5,0.55,0.49,0.06,4,311,0.01,0.83,0.67,NO
2017 - 18 Regular Season,Brendan O'Reilly,F,Tri-City Americans,1997-05-15,0,0,0,0,0,,0.49,,0,316,0,,,NO
2017 - 18 Regular Season,Parker AuCoin,F,Tri-City Americans,1998-07-30,61,7,7,8,22,0.45,0.49,-0.04,14,316,0.04,0.67,0.42,NO
2017 - 18 Regular Season,Jordan Topping,F,Tri-City Americans,1997-07-20,72,25,15,7,47,0.47,0.49,-0.02,40,316,0.13,0.8,0.68,NO
2017 - 18 Regular Season,Dylan Coghlan,F,Tri-City Americans,1998-02-19,69,10,13,10,33,0.47,0.49,-0.02,23,316,0.07,0.49,0.34,NO
2017 - 18 Regular Season,Taylor Ross,F,Lethbridge Hurricanes,1998-02-20,64,10,6,7,23,0.5,0.49,0.01,16,311,0.05,0.62,0.43,NO
2017 - 18 Regular Season,Josh Anderson,D,Prince George Cougars,1998-08-29,54,2,5,5,12,0.51,0.43,0.08,7,294,0.02,0.3,0.18,NO
2017 - 18 Regular Season,Kody McDonald,F,Prince Albert Raiders,1998-04-07,68,23,14,8,45,0.57,0.5,0.07,37,347,0.11,0.74,0.61,NO
2017 - 18 Regular Season,Jake Kryski,F,Calgary Hitmen,1998-03-08,71,11,23,6,40,0.54,0.45,0.09,34,287,0.12,0.78,0.67,NO
2017 - 18 Regular Season,Kyle Yewchuk,D,Lethbridge Hurricanes,1998-04-05,8,0,0,1,1,0.33,0.49,-0.16,0,311,0,0.33,0,NO
2017 - 18 Regular Season,Jordan Dawson,D,Edmonton Oil Kings,1998-02-27,2,0,0,0,0,0,0.39,-0.39,0,253,0,,,NO
2017 - 18 Regular Season,David Quenneville,D,Medicine Hat Tigers,1998-03-13,70,11,16,17,44,0.55,0.5,0.05,27,340,0.08,0.5,0.31,NO
2017 - 18 Regular Season,Ryan Jevne,F,Medicine Hat Tigers,1998-04-08,69,10,9,10,29,0.45,0.5,-0.05,19,340,0.06,0.69,0.45,NO
2017 - 18 Regular Season,Dawson Martin,F,Red Deer Rebels,1998-01-31,0,0,0,0,0,,0.45,,0,253,0,,,NO
2017 - 18 Regular Season,Caleb Fantillo,F,Saskatoon Blades,1998-04-21,38,6,1,2,9,0.41,0.47,-0.06,7,316,0.02,0.53,0.41,NO
2017 - 18 Regular Season,Mark Rassell,F,Medicine Hat Tigers,1997-02-28,70,41,16,1,58,0.54,0.5,0.04,57,340,0.17,0.78,0.77,NO
2017 - 18 Regular Season,Mason Shaw,F,Medicine Hat Tigers,1998-11-03,0,0,0,0,0,,0.5,,0,340,0,,,NO
2017 - 18 Regular Season,Jared Dmytriw,F,Red Deer Rebels,1998-06-06,71,9,7,2,18,0.41,0.45,-0.04,16,253,0.06,0.47,0.42,NO
2017 - 18 Regular Season,Matthew Phillips,F,Victoria Royals,1998-04-06,71,25,20,13,58,0.6,0.53,0.07,45,351,0.13,0.77,0.6,NO
2017 - 18 Regular Season,Dillon Dube,F,Kelowna Rockets,1998-07-20,53,23,22,8,53,0.57,0.52,0.05,45,336,0.13,0.8,0.68,NO
2017 - 18 Regular Season,Skyler McKenzie,F,Portland Winterhawks,1998-01-20,72,22,17,11,50,0.63,0.57,0.06,39,345,0.11,0.69,0.54,NO
2017 - 18 Regular Season,Kaden Elder,F,Swift Current Broncos,1998-03-16,67,14,6,3,23,0.47,0.56,-0.09,20,336,0.06,0.59,0.51,NO
2017 - 18 Regular Season,Nolan Volcan,F,Seattle Thunderbirds,1998-07-04,70,19,18,11,48,0.51,0.5,0.01,37,329,0.11,0.74,0.57,NO
2017 - 18 Regular Season,Josh Mahura,D,Regina Pats,1998-05-05,60,12,16,11,39,0.67,0.52,0.15,28,290,0.1,0.49,0.35,NO
2017 - 18 Regular Season,Jeff de Wit,F,Kootenay ICE,1998-03-14,43,6,4,1,11,0.46,0.52,-0.06,10,290,0.03,0.65,0.59,NO
2017 - 18 Regular Season,Mason McCarty,F,Red Deer Rebels,1997-01-26,69,28,20,7,55,0.57,0.45,0.12,48,253,0.19,0.9,0.79,NO
2017 - 18 Regular Season,Tyler Benson,F,Vancouver Giants,1998-03-15,58,19,15,6,40,0.49,0.47,0.02,34,305,0.11,0.85,0.72,NO
2017 - 18 Regular Season,Ty Ronning,F,Vancouver Giants,1997-10-20,70,35,10,6,51,0.56,0.47,0.09,45,305,0.15,0.76,0.67,NO
2017 - 18 Regular Season,Matt Barberis,D,Vancouver Giants,1998-01-19,56,2,5,7,14,0.5,0.47,0.03,7,305,0.02,0.3,0.15,NO
2017 - 18 Regular Season,Luke Coleman,F,Calgary Hitmen,1998-09-09,72,7,13,4,24,0.45,0.45,0,20,287,0.07,0.6,0.5,NO
2017 - 18 Regular Season,Tanner Kaspick,F,Brandon Wheat Kings,1998-01-28,60,14,11,8,33,0.61,0.52,0.09,25,343,0.07,0.62,0.47,NO
2017 - 18 Regular Season,Nolan Patrick,F,Brandon Wheat Kings,1998-09-19,0,0,0,0,0,,0.52,,0,343,0,,,NO
2017 - 18 Regular Season,Kale Clague,D,Brandon Wheat Kings,1998-06-05,54,5,16,16,37,0.64,0.52,0.12,21,343,0.06,0.46,0.26,NO
2017 - 18 Regular Season,Colton Kroeker,F,Kootenay ICE,1997-01-21,68,11,18,11,40,0.48,0.43,0.05,29,279,0.1,0.77,0.56,NO
2017 - 18 Regular Season,Sam Steel,F,Regina Pats,1998-02-03,54,16,13,9,38,0.65,0.52,0.13,29,290,0.1,0.72,0.55,NO
2017 - 18 Regular Season,Kade Jensen,D,Brandon Wheat Kings,1997-05-03,58,7,4,1,12,0.51,0.52,-0.01,11,343,0.03,0.23,0.21,NO
2017 - 18 Regular Season,Rykr Cole,F,Spokane Chiefs,1997-04-29,8,2,0,1,3,0.53,0.54,-0.01,2,372,0.01,0.33,0.22,NO
2017 - 18 Regular Season,Dante Hannoun,F,Victoria Royals,1998-08-02,66,15,14,9,38,0.53,0.53,0,29,351,0.08,0.6,0.46,NO
2017 - 18 Regular Season,Jermaine Loewen,F,Kamloops Blazers,1998-01-18,66,23,12,9,44,0.63,0.49,0.14,35,272,0.13,0.75,0.59,NO
2017 - 18 Regular Season,Colton Veloso,F,Kootenay ICE,1997-06-27,71,13,9,8,30,0.39,0.43,-0.04,22,279,0.08,0.73,0.54,NO
2017 - 18 Regular Season,Kolby Johnson,F,Prince Albert Raiders,1998-05-12,2,0,0,0,0,0,0.5,-0.5,0,347,0,,,NO
2017 - 18 Regular Season,Jaeger White,F,Medicine Hat Tigers,1998-04-03,68,10,13,5,28,0.53,0.5,0.03,23,340,0.07,0.68,0.56,NO
2017 - 18 Regular Season,Beck Malenstyn,F,Calgary Hitmen,1998-02-04,42,9,9,2,20,0.55,0.45,0.1,18,287,0.06,0.62,0.56,NO
2017 - 18 Regular Season,Quinn Benjafield,F,Kamloops Blazers,1998-02-02,69,14,11,7,32,0.53,0.49,0.04,25,272,0.09,0.68,0.53,NO
2017 - 18 Regular Season,Ryely McKinstry,D,Calgary Hitmen,1998-07-26,0,0,0,0,0,,0.45,,0,287,0,,,NO
2017 - 18 Regular Season,Morgan Geekie,F,Tri-City Americans,1998-07-20,68,21,17,12,50,0.52,0.49,0.03,38,316,0.12,0.72,0.55,NO
2017 - 18 Regular Season,Tyson Helgesen,D,Spokane Chiefs,1997-06-10,72,6,9,10,25,0.54,0.54,0,15,372,0.04,0.36,0.22,NO
2017 - 18 Regular Season,Tomas Soustal,F,Edmonton Oil Kings,1997-02-15,69,13,16,8,37,0.44,0.52,-0.08,29,336,0.09,0.64,0.5,NO
2017 - 18 Regular Season,Noah Gregor,F,Moose Jaw Warriors,1998-07-28,60,18,12,10,40,0.56,0.61,-0.05,30,446,0.07,0.67,0.5,NO
2017 - 18 Regular Season,Blake Bargar,F,Seattle Thunderbirds,1998-03-06,58,8,8,4,20,0.45,0.5,-0.05,16,329,0.05,0.59,0.47,NO
2017 - 18 Regular Season,Josh Brook,D,Moose Jaw Warriors,1999-06-17,45,2,4,12,18,0.71,0.61,0.1,6,446,0.01,0.26,0.09,NO
2017 - 18 Regular Season,Colin Paradis,D,Moose Jaw Warriors,1998-04-27,66,2,2,9,13,0.47,0.61,-0.14,4,446,0.01,0.28,0.09,NO
2017 - 18 Regular Season,Jaret Anderson-Dolan,F,Spokane Chiefs,1999-09-12,70,19,15,16,50,0.52,0.54,-0.02,34,372,0.09,0.76,0.52,NO
2017 - 18 Regular Season,Dom Schmiemann,D,Calgary Hitmen,1999-04-02,68,1,4,6,11,0.46,0.45,0.01,5,287,0.02,0.25,0.11,NO
2017 - 18 Regular Season,Tyler Adams,F,Seattle Thunderbirds,1997-04-11,0,0,0,0,0,,0.5,,0,329,0,,,NO
2017 - 18 Regular Season,Colby Sissons,D,Swift Current Broncos,1998-01-15,72,8,16,12,36,0.63,0.56,0.07,24,336,0.07,0.38,0.25,NO
2017 - 18 Regular Season,Hayden Ostir,F,Medicine Hat Tigers,1999-07-06,41,6,7,3,16,0.4,0.5,-0.1,13,340,0.04,0.67,0.54,NO
2017 - 18 Regular Season,Kailer Yamamoto,F,Spokane Chiefs,1998-09-29,40,14,18,8,40,0.61,0.54,0.07,32,372,0.09,0.8,0.64,NO
2017 - 18 Regular Season,Dalton Hamaliuk,D,Spokane Chiefs,1998-03-21,71,4,8,3,15,0.51,0.54,-0.03,12,372,0.03,0.28,0.23,NO
2017 - 18 Regular Season,Ryan Vandervlis,F,Lethbridge Hurricanes,1998-05-23,19,10,2,0,12,0.51,0.49,0.02,12,311,0.04,0.67,0.67,NO
2017 - 18 Regular Season,Zach Fischer,F,Medicine Hat Tigers,1997-07-19,46,17,5,8,30,0.6,0.5,0.1,22,340,0.06,0.65,0.48,NO
2017 - 18 Regular Season,James Hamblin,F,Medicine Hat Tigers,1999-04-27,70,8,14,16,38,0.53,0.5,0.03,22,340,0.06,0.55,0.32,NO
2017 - 18 Regular Season,Spencer Bast,F,Moose Jaw Warriors,1997-01-05,0,0,0,0,0,,0.61,,0,446,0,,,NO
2017 - 18 Regular Season,Dawson Davidson,D,Regina Pats,1998-04-07,69,5,9,5,19,0.42,0.52,-0.1,14,290,0.05,0.42,0.31,NO
2017 - 18 Regular Season,Nolan Kneen,D,Kamloops Blazers,1999-03-22,68,4,11,6,21,0.45,0.49,-0.04,15,272,0.06,0.41,0.29,NO
2017 - 18 Regular Season,Ralph Jarratt,D,Victoria Royals,1998-03-18,53,1,9,2,12,0.57,0.53,0.04,10,351,0.03,0.24,0.2,NO
2017 - 18 Regular Season,Ryan Peckford,F,Moose Jaw Warriors,1999-03-04,73,14,14,8,36,0.58,0.61,-0.03,28,446,0.06,0.63,0.49,NO
2017 - 18 Regular Season,Brayden Pachal,D,Prince Albert Raiders,1999-08-23,68,7,6,6,19,0.47,0.5,-0.03,13,347,0.04,0.32,0.22,NO
2017 - 18 Regular Season,Reese Johnson,F,Red Deer Rebels,1998-07-10,72,14,6,2,22,0.44,0.45,-0.01,20,253,0.08,0.63,0.57,NO
2017 - 18 Regular Season,Jake Leschyshyn,F,Regina Pats,1999-03-10,64,10,9,1,20,0.42,0.52,-0.1,19,290,0.07,0.67,0.63,NO
2017 - 18 Regular Season,Scott Walford,D,Victoria Royals,1999-01-12,69,2,6,9,17,0.5,0.53,-0.03,8,351,0.02,0.3,0.14,NO
2017 - 18 Regular Season,Schael Higson,D,Brandon Wheat Kings,1998-05-11,71,4,2,12,18,0.51,0.52,-0.01,6,343,0.02,0.26,0.09,NO
2017 - 18 Regular Season,James Hilsendager,D,Kelowna Rockets,1997-03-20,54,3,6,4,13,0.48,0.52,-0.04,9,336,0.03,0.37,0.26,NO
2017 - 18 Regular Season,Maxwell James,F,Tri-City Americans,1997-04-13,58,2,4,3,9,0.33,0.49,-0.16,6,316,0.02,0.5,0.33,NO
2017 - 18 Regular Season,Brady Pouteau,D,Lethbridge Hurricanes,1998-01-09,59,1,6,5,12,0.45,0.49,-0.04,7,311,0.02,0.33,0.19,NO
2017 - 18 Regular Season,Vladislav Lukin,F,Tri-City Americans,1997-01-24,0,0,0,0,0,,0.49,,0,316,0,,,NO
2017 - 18 Regular Season,Jake Elmer,F,Lethbridge Hurricanes,1998-12-31,70,16,4,11,31,0.55,0.49,0.06,20,311,0.06,0.82,0.53,NO
2017 - 18 Regular Season,Erik Gardiner,F,Kelowna Rockets,1999-03-21,31,5,4,4,13,0.46,0.52,-0.06,9,336,0.03,0.76,0.53,NO
2017 - 18 Regular Season,Luc Smith,F,Kamloops Blazers,1998-01-20,62,13,10,5,28,0.57,0.49,0.08,23,272,0.08,0.65,0.53,NO
2017 - 18 Regular Season,Nic Holowko,F,Kamloops Blazers,1997-06-26,17,4,4,0,8,0.34,0.49,-0.15,8,272,0.03,0.73,0.73,NO
2017 - 18 Regular Season,Donovan Neuls,F,Seattle Thunderbirds,1997-10-24,71,16,16,11,43,0.57,0.5,0.07,32,329,0.1,0.65,0.48,NO
2017 - 18 Regular Season,Matthew Wedman,F,Seattle Thunderbirds,1999-05-25,72,10,17,9,36,0.48,0.5,-0.02,27,329,0.08,0.64,0.48,NO
2017 - 18 Regular Season,Gage Ramsay,F,Saskatoon Blades,1998-10-15,63,6,12,2,20,0.41,0.47,-0.06,18,316,0.06,0.62,0.56,NO
2017 - 18 Regular Season,Sahvan Khaira,D,Swift Current Broncos,1998-01-02,65,5,6,9,20,0.53,0.56,-0.03,11,336,0.03,0.32,0.18,NO
2017 - 18 Regular Season,Dawson Holt,F,Vancouver Giants,1999-02-16,65,10,5,7,22,0.49,0.47,0.02,15,305,0.05,0.61,0.42,NO
2017 - 18 Regular Season,Brennan Menell,D,Lethbridge Hurricanes,1997-05-24,0,0,0,0,0,,0.49,,0,311,0,,,NO
2017 - 18 Regular Season,Brendan Semchuk,F,Edmonton Oil Kings,1999-02-21,49,8,7,4,19,0.47,0.47,0,15,305,0.05,0.59,0.47,NO
2017 - 18 Regular Season,Brennan Riddle,D,Lethbridge Hurricanes,1997-07-27,67,0,1,8,9,0.42,0.49,-0.07,1,311,0,0.23,0.03,NO
2017 - 18 Regular Season,Cody Paivarinta,D,Prince Albert Raiders,1998-06-13,14,0,0,0,0,0.62,0.5,0.12,0,347,0,0,0,NO
2017 - 18 Regular Season,Cody Glass,F,Portland Winterhawks,1999-04-01,64,18,20,16,54,0.66,0.57,0.09,38,345,0.11,0.74,0.52,NO
2017 - 18 Regular Season,Sean Montgomery,F,Prince Albert Raiders,1998-03-07,72,9,12,5,26,0.5,0.5,0,21,347,0.06,0.58,0.47,NO
2017 - 18 Regular Season,Parker Kelly,F,Prince Albert Raiders,1999-05-14,69,19,19,6,44,0.56,0.5,0.06,38,347,0.11,0.62,0.54,NO
2017 - 18 Regular Season,Alex Overhardt,F,Portland Winterhawks,1997-01-15,70,8,9,7,24,0.61,0.57,0.04,17,345,0.05,0.5,0.35,NO
2017 - 18 Regular Season,Evan Weinger,F,Brandon Wheat Kings,1997-04-18,65,18,18,5,41,0.52,0.52,0,36,343,0.1,0.79,0.69,NO
2017 - 18 Regular Season,Brendan De Jong,D,Portland Winterhawks,1998-03-23,68,5,4,6,15,0.48,0.57,-0.09,9,345,0.03,0.29,0.17,NO
2017 - 18 Regular Season,Wyatt Sloboshan,F,Regina Pats,1997-01-24,36,2,1,4,7,0.4,0.52,-0.12,3,290,0.01,0.44,0.19,NO
2017 - 18 Regular Season,Max Martin,D,Prince Albert Raiders,1999-07-25,72,6,8,7,21,0.51,0.5,0.01,14,347,0.04,0.34,0.23,NO
2017 - 18 Regular Season,Justin  Almeida,F,Moose Jaw Warriors,1999-02-06,72,22,21,15,58,0.63,0.61,0.02,43,446,0.1,0.76,0.57,NO
2017 - 18 Regular Season,Ethan O'Rourke,F,Everett Silvertips,1999-02-25,66,6,9,2,17,0.51,0.43,0.08,15,294,0.05,0.68,0.6,NO
2017 - 18 Regular Season,Devante Stephens,D,Kelowna Rockets,1997-01-02,0,0,0,0,0,,0.52,,0,336,0,,,NO
2017 - 18 Regular Season,Cal Foote,D,Kelowna Rockets,1998-12-13,60,16,12,6,34,0.59,0.52,0.07,28,336,0.08,0.44,0.36,NO
2017 - 18 Regular Season,Kole Lind,F,Kelowna Rockets,1998-10-16,58,24,29,5,58,0.62,0.52,0.1,53,336,0.16,0.91,0.83,NO
2017 - 18 Regular Season,Jack Flaman,F,Lethbridge Hurricanes,1997-04-15,21,4,1,2,7,0.35,0.49,-0.14,5,311,0.02,0.88,0.62,NO
2017 - 18 Regular Season,Bryce Kindopp,F,Everett Silvertips,1999-06-14,72,17,7,1,25,0.57,0.57,0,24,306,0.08,0.69,0.67,NO
2017 - 18 Regular Season,Nolan Yaremko,F,Tri-City Americans,1998-05-17,70,19,12,7,38,0.57,0.49,0.08,31,316,0.1,0.64,0.53,NO
2017 - 18 Regular Season,Jordy Stallard,F,Prince Albert Raiders,1997-09-18,72,26,24,11,61,0.55,0.5,0.05,50,347,0.14,0.79,0.65,NO
2017 - 18 Regular Season,Carsen Twarynski,F,Kelowna Rockets,1997-11-24,68,21,9,10,40,0.5,0.52,-0.02,30,336,0.09,0.69,0.52,NO
2017 - 18 Regular Season,Jake Bean,D,Calgary Hitmen,1998-06-09,57,8,8,6,22,0.46,0.45,0.01,16,287,0.06,0.44,0.32,NO
2017 - 18 Regular Season,Kobe Mohr,F,Edmonton Oil Kings,1999-05-30,58,7,4,4,15,0.4,0.39,0.01,11,253,0.04,0.65,0.48,NO
2017 - 18 Regular Season,Brayden Gorda,D,Edmonton Oil Kings,1999-04-15,30,1,2,1,4,0.33,0.39,-0.06,3,253,0.01,0.29,0.21,NO
2017 - 18 Regular Season,Tyson Gruninger,F,Edmonton Oil Kings,1998-09-02,8,0,1,0,1,0.5,0.39,0.11,1,253,0,0.5,0.5,NO
2017 - 18 Regular Season,Braydyn Chizen,D,Kelowna Rockets,1998-05-09,61,6,4,6,16,0.4,0.52,-0.12,10,336,0.03,0.44,0.28,NO
2017 - 18 Regular Season,Ty Lewis,F,Brandon Wheat Kings,1998-03-05,70,29,20,12,61,0.57,0.52,0.05,49,343,0.14,0.85,0.68,NO
2017 - 18 Regular Season,Stelio Mattheos,F,Brandon Wheat Kings,1999-06-14,68,22,19,4,45,0.53,0.52,0.01,41,343,0.12,0.74,0.67,NO
2017 - 18 Regular Season,Linden McCorrister,F,Brandon Wheat Kings,1998-03-25,59,14,7,6,27,0.48,0.52,-0.04,21,343,0.06,0.69,0.54,NO
2017 - 18 Regular Season,Jared Legien,F,Regina Pats,1998-09-02,61,16,14,6,36,0.53,0.52,0.01,30,290,0.1,0.86,0.71,NO
2017 - 18 Regular Season,Vince Loschiavo,F,Kootenay ICE,1998-03-21,68,16,4,6,26,0.55,0.61,-0.06,20,446,0.04,0.65,0.5,NO
2017 - 18 Regular Season,Cale Fleury,D,Kootenay ICE,1998-11-19,68,5,14,12,31,0.55,0.52,0.03,19,290,0.07,0.43,0.26,NO
2017 - 18 Regular Season,Conner McDonald,D,Edmonton Oil Kings,1999-05-31,71,6,10,5,21,0.47,0.39,0.08,16,253,0.06,0.35,0.27,NO
2017 - 18 Regular Season,Tanner Jeannot,F,Moose Jaw Warriors,1997-05-29,72,32,13,19,64,0.66,0.61,0.05,45,446,0.1,0.79,0.56,NO
2017 - 18 Regular Season,Jared Bethune,F,Prince George Cougars,1997-01-20,71,10,16,15,41,0.45,0.43,0.02,26,294,0.09,0.73,0.46,NO
2017 - 18 Regular Season,Aaron Hyman,D,Regina Pats,1998-04-19,54,3,2,6,11,0.52,0.52,0,5,290,0.02,0.31,0.14,NO
2017 - 18 Regular Season,Dylan Plouffe,D,Vancouver Giants,1999-04-27,60,4,8,13,25,0.55,0.47,0.08,12,305,0.04,0.46,0.22,NO
2017 - 18 Regular Season,Josh Maser,F,Prince George Cougars,1999-01-18,71,17,9,6,32,0.43,0.43,0,26,294,0.09,0.7,0.57,NO
2017 - 18 Regular Season,Branden Klatt,F,Moose Jaw Warriors,1998-10-20,69,7,4,4,15,0.54,0.61,-0.07,11,446,0.02,0.6,0.44,NO
2017 - 18 Regular Season,Brett Davis,F,Kootenay ICE,1999-06-01,72,14,10,5,29,0.45,0.43,0.02,24,279,0.09,0.71,0.59,NO
2017 - 18 Regular Season,Michael Rasmussen,F,Tri-City Americans,1999-04-17,47,14,14,6,34,0.62,0.49,0.13,28,316,0.09,0.69,0.57,NO
2017 - 18 Regular Season,Zane Franklin,F,Lethbridge Hurricanes,1999-01-05,67,7,9,9,25,0.43,0.49,-0.06,16,311,0.05,0.62,0.4,NO
2017 - 18 Regular Season,Barrett Sheen,F,Kootenay ICE,1998-09-20,60,5,10,5,20,0.5,0.61,-0.11,15,446,0.03,0.71,0.54,NO
2017 - 18 Regular Season,Jake Kustra,D,Saskatoon Blades,1999-04-20,71,3,6,7,16,0.4,0.47,-0.07,9,316,0.03,0.38,0.21,NO
2017 - 18 Regular Season,Lukus MacKenzie,F,Portland Winterhawks,1999-04-26,59,2,4,7,13,0.67,0.57,0.1,6,345,0.02,0.54,0.25,NO
2017 - 18 Regular Season,Ryan Pouliot,D,Kootenay ICE,1998-05-26,64,1,3,4,8,0.38,0.43,-0.05,4,279,0.01,0.21,0.11,NO
2017 - 18 Regular Season,Brogan O'Brien,F,Prince George Cougars,1997-08-13,52,11,5,5,21,0.43,0.43,0,16,294,0.05,0.58,0.44,NO
2017 - 18 Regular Season,Spencer Gerth,F,Everett Silvertips,1998-05-15,70,5,2,2,9,0.53,0.57,-0.04,7,306,0.02,0.5,0.39,NO
2017 - 18 Regular Season,Yan Khomenko,F,Victoria Royals,1998-03-31,20,1,6,1,8,0.53,0.53,0,7,351,0.02,0.8,0.7,NO
2017 - 18 Regular Season,Brandon Schuldhaus,D,Moose Jaw Warriors,1998-02-23,64,8,6,10,24,0.51,0.61,-0.1,14,446,0.03,0.38,0.22,NO
2017 - 18 Regular Season,Jarret Tyszka,D,Seattle Thunderbirds,1999-03-15,70,7,4,9,20,0.48,0.5,-0.02,11,329,0.03,0.36,0.2,NO
2017 - 18 Regular Season,Elijah Brown,F,Medicine Hat Tigers,2000-01-05,43,6,8,5,19,0.46,0.5,-0.04,14,340,0.04,0.73,0.54,YES
2017 - 18 Regular Season,Artyom Minulin,D,Swift Current Broncos,1998-10-01,64,6,10,6,22,0.63,0.56,0.07,16,336,0.05,0.3,0.22,NO
2017 - 18 Regular Season,Conner Chaulk,F,Calgary Hitmen,1997-05-20,56,10,6,4,20,0.52,0.45,0.07,16,287,0.06,0.69,0.55,NO
2017 - 18 Regular Season,Tanner Mole,F,Swift Current Broncos,1999-04-06,3,0,0,0,0,,0.56,,0,336,0,,,NO
2017 - 18 Regular Season,Luka Burzan,F,Brandon Wheat Kings,2000-01-07,72,12,14,8,34,0.54,0.52,0.02,26,343,0.08,0.71,0.54,YES
2017 - 18 Regular Season,Jett Woo,D,Moose Jaw Warriors,2000-07-27,44,7,5,4,16,0.63,0.61,0.02,12,446,0.03,0.28,0.21,YES
2017 - 18 Regular Season,Brayden Watts,F,Vancouver Giants,1999-02-21,70,11,9,7,27,0.44,0.47,-0.03,20,305,0.07,0.68,0.5,NO
2017 - 18 Regular Season,Jonas Harkins,D,Prince George Cougars,2000-12-26,21,0,0,1,1,0.38,0.43,-0.05,0,294,0,0.2,0,NO
2017 - 18 Regular Season,Peter Kope,D,Prince George Cougars,1999-03-30,5,0,0,1,1,1,0.43,0.57,0,294,0,0.33,0,NO
2017 - 18 Regular Season,Joel Lakusta,D,Prince George Cougars,1998-06-24,70,5,11,11,27,0.45,0.43,0.02,16,294,0.05,0.44,0.26,NO
2017 - 18 Regular Season,Jackson Leppard,F,Prince George Cougars,2000-01-18,68,8,11,4,23,0.51,0.43,0.08,19,294,0.06,0.51,0.42,YES
2017 - 18 Regular Season,Tyler Ho,F,Vancouver Giants,2000-10-02,57,1,6,2,9,0.37,0.47,-0.1,7,305,0.02,0.64,0.5,NO
2017 - 18 Regular Season,Brett Clayton,F,Portland Winterhawks,1998-11-22,61,4,1,4,9,0.45,0.57,-0.12,5,345,0.01,0.64,0.36,NO
2017 - 18 Regular Season,Jake Hobson,D,Swift Current Broncos,1999-07-31,9,0,0,0,0,0.5,0.56,-0.06,0,336,0,0,0,NO
2017 - 18 Regular Season,Bronson Sharp,F,Everett Silvertips,1999-12-29,49,2,0,1,3,0.5,0.57,-0.07,2,345,0.01,0.25,0.17,YES
2017 - 18 Regular Season,Jackson Caller,D,Saskatoon Blades,1999-07-15,70,3,7,7,17,0.48,0.47,0.01,10,316,0.03,0.33,0.19,NO
2017 - 18 Regular Season,Conor MacEachern,F,Portland Winterhawks,1998-12-08,62,3,7,5,15,0.56,0.57,-0.01,10,345,0.03,0.43,0.29,NO
2017 - 18 Regular Season,Ryan Hughes,F,Portland Winterhawks,1999-07-27,46,12,14,6,32,0.58,0.57,0.01,26,345,0.08,0.71,0.58,NO
2017 - 18 Regular Season,Max Gerlach,F,Medicine Hat Tigers,1998-04-04,65,23,8,8,39,0.53,0.5,0.03,31,340,0.09,0.71,0.56,NO
2017 - 18 Regular Season,Tyler Preziuso,F,Medicine Hat Tigers,1999-01-19,66,14,7,8,29,0.48,0.5,-0.02,21,340,0.06,0.66,0.48,NO
2017 - 18 Regular Season,Luke Zazula,D,Kamloops Blazers,2000-05-18,48,2,0,1,3,0.4,0.49,-0.09,2,272,0.01,0.14,0.1,YES
2017 - 18 Regular Season,Jackson Shepard,F,Kamloops Blazers,2000-02-28,72,8,7,3,18,0.47,0.49,-0.02,15,272,0.06,0.6,0.5,YES
2017 - 18 Regular Season,Erik Miller,F,Kamloops Blazers,1999-03-08,7,0,0,1,1,0.25,0.49,-0.24,0,272,0,0.5,0,NO
2017 - 18 Regular Season,Devan Harrison,D,Kamloops Blazers,2000-01-06,53,1,2,1,4,0.39,0.49,-0.1,3,272,0.01,0.25,0.19,YES
2017 - 18 Regular Season,Garrett Pilon,F,Everett Silvertips,1998-04-13,69,18,18,8,44,0.6,0.49,0.11,36,272,0.13,0.76,0.62,NO
2017 - 18 Regular Season,Ondrej Vala,D,Everett Silvertips,1998-04-13,59,6,10,7,23,0.56,0.49,0.07,16,272,0.06,0.4,0.28,NO
2017 - 18 Regular Season,Ethan McIndoe,F,Spokane Chiefs,1999-07-22,71,14,11,4,29,0.52,0.54,-0.02,25,372,0.07,0.53,0.45,NO
2017 - 18 Regular Season,Ty Smith,D,Spokane Chiefs,2000-03-24,69,11,17,14,42,0.63,0.54,0.09,28,372,0.08,0.42,0.28,YES
2017 - 18 Regular Season,Tyler Popowich,F,Vancouver Giants,2000-04-29,64,7,5,1,13,0.35,0.47,-0.12,12,305,0.04,0.54,0.5,YES
2017 - 18 Regular Season,James Malm,F,Vancouver Giants,1999-06-25,72,16,21,10,47,0.56,0.47,0.09,37,305,0.12,0.77,0.61,NO
2017 - 18 Regular Season,Radovan Bondra,F,Prince George Cougars,1997-01-27,0,0,0,0,0,,0.43,,0,294,0,,,NO
2017 - 18 Regular Season,Cole Fonstad,F,Prince Albert Raiders,2000-04-24,72,16,17,14,47,0.52,0.5,0.02,33,347,0.1,0.65,0.46,YES
2017 - 18 Regular Season,Carson Miller,F,Prince Albert Raiders,2000-02-10,69,1,3,3,7,0.38,0.5,-0.12,4,347,0.01,0.58,0.33,YES
2017 - 18 Regular Season,Spencer Moe,F,Prince Albert Raiders,2000-01-07,72,9,8,2,19,0.46,0.5,-0.04,17,347,0.05,0.61,0.55,YES
2017 - 18 Regular Season,Vojtech Budik,D,Prince Albert Raiders,1998-01-29,63,6,10,12,28,0.52,0.5,0.02,16,347,0.05,0.39,0.23,NO
2017 - 18 Regular Season,Ty Prefontaine,D,Lethbridge Hurricanes,1999-01-13,71,3,10,8,21,0.57,0.49,0.08,13,311,0.04,0.36,0.22,NO
2017 - 18 Regular Season,Akash Bains,F,Everett Silvertips,1999-02-16,33,1,1,3,5,0.38,0.45,-0.07,2,253,0.01,0.56,0.22,NO
2017 - 18 Regular Season,D-Jay Jerome,F,Prince Albert Raiders,1999-11-05,44,0,1,0,1,0.17,0.5,-0.33,1,347,0,0.25,0.25,YES
2017 - 18 Regular Season,Colton Kehler,F,Edmonton Oil Kings,1997-06-27,71,17,9,2,28,0.44,0.39,0.05,26,253,0.1,0.74,0.68,NO
2017 - 18 Regular Season,Austin Pratt,F,Red Deer Rebels,1999-07-30,60,7,4,7,18,0.44,0.45,-0.01,11,253,0.04,0.64,0.39,NO
2017 - 18 Regular Season,Tanner Sidaway,F,Kootenay ICE,1999-04-29,63,1,2,2,5,0.45,0.52,-0.07,3,290,0.01,0.33,0.2,NO
2017 - 18 Regular Season,Ethan Sakowich,D,Red Deer Rebels,1999-02-04,72,0,3,5,8,0.46,0.45,0.01,3,253,0.01,0.17,0.07,NO
2017 - 18 Regular Season,Carson Sass,D,Red Deer Rebels,1999-05-22,72,1,1,4,6,0.46,0.45,0.01,2,253,0.01,0.14,0.05,NO
2017 - 18 Regular Season,Zachary Cox,F,Lethbridge Hurricanes,1999-02-19,58,2,2,0,4,0.42,0.49,-0.07,4,311,0.01,0.31,0.31,NO
2017 - 18 Regular Season,Jacob Herauf,D,Red Deer Rebels,2000-05-16,70,1,5,5,11,0.51,0.45,0.06,6,253,0.02,0.29,0.16,YES
2017 - 18 Regular Season,Robbie Holmes,F,Regina Pats,1999-07-22,68,16,6,5,27,0.58,0.52,0.06,22,290,0.08,0.71,0.58,NO
2017 - 18 Regular Season,Riley Woods,F,Spokane Chiefs,1998-06-25,72,16,16,8,40,0.57,0.54,0.03,32,372,0.09,0.63,0.51,NO
2017 - 18 Regular Season,Lane Zablocki,F,Lethbridge Hurricanes,1998-12-27,65,8,7,5,20,0.44,0.49,-0.05,15,311,0.05,0.57,0.43,NO
2017 - 18 Regular Season,Dawson Barteaux,D,Red Deer Rebels,2000-01-12,64,0,4,9,13,0.43,0.45,-0.02,4,253,0.02,0.41,0.12,YES
2017 - 18 Regular Season,Jared Freadrich,D,Victoria Royals,1998-03-04,71,3,3,6,12,0.47,0.53,-0.06,6,351,0.02,0.25,0.12,NO
2017 - 18 Regular Season,Jakob LaPointe,D,Calgary Hitmen,1998-05-21,1,0,0,0,0,,0.45,,0,287,0,,,NO
2017 - 18 Regular Season,Drea Esposito,D,Calgary Hitmen,2000-01-12,47,1,0,5,6,0.45,0.45,0,1,287,0,0.24,0.04,YES
2017 - 18 Regular Season,Juuso Välimäki,F,Tri-City Americans,1998-10-06,43,11,9,10,30,0.57,0.49,0.08,20,316,0.06,0.54,0.36,NO
2017 - 18 Regular Season,Mark Kastelic,F,Calgary Hitmen,1999-03-11,71,13,7,8,28,0.48,0.45,0.03,20,287,0.07,0.61,0.43,NO
2017 - 18 Regular Season,Tristen Nielsen,F,Calgary Hitmen,2000-02-23,49,16,8,0,24,0.48,0.45,0.03,24,287,0.08,0.8,0.8,YES
2017 - 18 Regular Season,Brett Leason,F,Prince Albert Raiders,1999-04-30,66,12,6,8,26,0.45,0.5,-0.05,18,347,0.05,0.79,0.55,NO
2017 - 18 Regular Season,Lucas Cullen,F,Calgary Hitmen,1999-05-04,7,0,1,0,1,0.5,0.45,0.05,1,287,0,0.33,0.33,NO
2017 - 18 Regular Season,Matt Dorsey,F,Calgary Hitmen,1999-05-11,0,0,0,0,0,,0.45,,0,287,0,,,NO
2017 - 18 Regular Season,Jordan Roy,F,Red Deer Rebels,1998-09-09,1,0,0,0,0,,0.45,,0,253,0,,,NO
2017 - 18 Regular Season,Andrew Fyten,F,Calgary Hitmen,1998-10-13,69,8,7,2,17,0.45,0.45,0,15,287,0.05,0.59,0.52,NO
2017 - 18 Regular Season,Dakota Krebs,F,Calgary Hitmen,1999-03-26,69,4,3,7,14,0.51,0.45,0.06,7,287,0.02,0.25,0.12,NO
2017 - 18 Regular Season,Kyle Olson,F,Tri-City Americans,1999-03-22,36,2,3,4,9,0.5,0.49,0.01,5,316,0.02,0.39,0.22,NO
2017 - 18 Regular Season,Riley Sutter,F,Everett Silvertips,1999-10-25,68,15,12,9,36,0.64,0.57,0.07,27,306,0.09,0.73,0.55,YES
2017 - 18 Regular Season,Connor Dewar,F,Everett Silvertips,1999-06-26,68,20,15,10,45,0.63,0.57,0.06,35,306,0.11,0.75,0.58,NO
2017 - 18 Regular Season,Montana Onyebuchi,D,Everett Silvertips,2000-03-08,62,4,7,5,16,0.51,0.49,0.02,11,272,0.04,0.44,0.31,YES
2017 - 18 Regular Season,Jake Christiansen,D,Everett Silvertips,1999-09-12,72,2,6,8,16,0.56,0.57,-0.01,8,306,0.03,0.27,0.14,NO
2017 - 18 Regular Season,Landon Fuller,D,Tri-City Americans,1999-07-17,8,0,1,0,1,0.5,0.49,0.01,1,316,0,0.2,0.2,NO
2017 - 18 Regular Season,Igor Merezhko,D,Lethbridge Hurricanes,1998-04-30,71,4,11,8,23,0.53,0.49,0.04,15,311,0.05,0.38,0.25,NO
2017 - 18 Regular Season,Darian Skeoch,D,Vancouver Giants,1997-03-22,59,2,2,2,6,0.44,0.47,-0.03,4,305,0.01,0.18,0.12,NO
2017 - 18 Regular Season,Calen Addison,D,Lethbridge Hurricanes,2000-04-11,68,9,7,12,28,0.49,0.49,0,16,311,0.05,0.51,0.29,YES
2017 - 18 Regular Season,Jordy Bellerive,F,Lethbridge Hurricanes,1999-05-02,71,27,11,8,46,0.56,0.49,0.07,38,311,0.12,0.78,0.64,NO
2017 - 18 Regular Season,Josh Tarzwell,F,Lethbridge Hurricanes,2000-02-08,69,3,8,4,15,0.44,0.49,-0.05,11,311,0.04,0.56,0.41,YES
2017 - 18 Regular Season,Kole Gable,F,Swift Current Broncos,1998-07-18,68,4,6,3,13,0.48,0.56,-0.08,10,336,0.03,0.54,0.42,NO
2017 - 18 Regular Season,Will Warm,D,Edmonton Oil Kings,1999-04-22,53,1,2,3,6,0.39,0.39,0,3,253,0.01,0.18,0.09,NO
2017 - 18 Regular Season,Lane Kirk,D,Prince Albert Raiders,2000-05-21,0,0,0,0,0,,0.5,,0,347,0,,,YES
2017 - 18 Regular Season,Devon Skoleski,F,Prince Albert Raiders,1997-09-15,38,7,5,4,16,0.4,0.5,-0.1,12,347,0.03,0.8,0.6,NO
2017 - 18 Regular Season,Jonathan Smart,D,Kootenay ICE,1999-06-01,69,1,3,10,14,0.43,0.52,-0.09,4,290,0.01,0.33,0.1,NO
2017 - 18 Regular Season,Conner Bruggen-Cate,F,Kelowna Rockets,1999-09-13,70,11,7,13,31,0.51,0.52,-0.01,18,336,0.05,0.72,0.42,NO
2017 - 18 Regular Season,Ted Brennan,F,Kelowna Rockets,2000-01-28,65,1,5,3,9,0.36,0.52,-0.16,6,336,0.02,0.6,0.4,YES
2017 - 18 Regular Season,Dan Gatenby,F,Tri-City Americans,1998-09-17,57,0,1,4,5,0.52,0.49,0.03,1,316,0,0.14,0.03,NO
2017 - 18 Regular Season,Gordie Ballhorn,D,Kelowna Rockets,1997-09-02,72,2,8,12,22,0.58,0.52,0.06,10,336,0.03,0.28,0.13,NO
2017 - 18 Regular Season,Cameron Hausinger,F,Kootenay ICE,1999-01-12,70,16,7,10,33,0.42,0.43,-0.01,23,279,0.08,0.77,0.53,NO
2017 - 18 Regular Season,Josh Paterson,F,Saskatoon Blades,1999-01-21,72,20,9,11,40,0.54,0.47,0.07,29,316,0.09,0.67,0.48,NO
2017 - 18 Regular Season,Libor Hájek,D,Regina Pats,1998-02-04,58,9,7,9,25,0.51,0.52,-0.01,16,290,0.06,0.44,0.28,NO
2017 - 18 Regular Season,Payton McIsaac,D,Saskatoon Blades,2000-12-26,1,0,0,0,0,,0.47,,0,316,0,,,NO
2017 - 18 Regular Season,Anthony Bishop,D,Tri-City Americans,1998-04-01,66,0,5,9,14,0.47,0.49,-0.02,5,316,0.02,0.3,0.11,NO
2017 - 18 Regular Season,Chase Wouters,F,Saskatoon Blades,2000-02-08,72,14,5,13,32,0.55,0.47,0.08,19,316,0.06,0.63,0.37,YES
2017 - 18 Regular Season,Logan Christensen,F,Saskatoon Blades,1999-01-12,51,4,3,3,10,0.33,0.47,-0.14,7,316,0.02,0.56,0.39,NO
2017 - 18 Regular Season,Max Patterson,F,Swift Current Broncos,1999-12-27,72,8,6,5,19,0.5,0.56,-0.06,14,336,0.04,0.5,0.37,YES
2017 - 18 Regular Season,Noah Philp,F,Seattle Thunderbirds,1998-08-31,71,13,21,8,42,0.54,0.5,0.04,34,329,0.1,0.71,0.58,NO
2017 - 18 Regular Season,Drew Warkentine,F,Prince Albert Raiders,1998-09-23,2,0,0,0,0,0.33,0.5,-0.17,0,347,0,0,0,NO
2017 - 18 Regular Season,Dallas Hines,D,Kootenay ICE,1998-02-05,59,1,3,6,10,0.4,0.43,-0.03,4,279,0.01,0.25,0.1,NO
2017 - 18 Regular Season,Sam Huston,D,Kootenay ICE,1999-05-31,62,2,4,5,11,0.4,0.43,-0.03,6,279,0.02,0.31,0.17,NO
2017 - 18 Regular Season,Eli Lieffers,F,Kootenay ICE,2000-03-26,0,0,0,0,0,,0.43,,0,279,0,,,YES
2017 - 18 Regular Season,Loeden Schaufler,D,Kootenay ICE,2000-04-27,32,0,4,2,6,0.5,0.43,0.07,4,279,0.01,0.33,0.22,YES
2017 - 18 Regular Season,Caiden Daley,F,Brandon Wheat Kings,2000-02-05,69,7,9,2,18,0.53,0.52,0.01,16,343,0.05,0.56,0.5,YES
2017 - 18 Regular Season,Connor Gutenberg,F,Brandon Wheat Kings,1999-09-04,72,11,14,6,31,0.52,0.52,0,25,343,0.07,0.52,0.42,NO
2017 - 18 Regular Season,Garrett Sambrook,D,Brandon Wheat Kings,2000-01-30,13,0,1,1,2,0.62,0.52,0.1,1,343,0,0.25,0.12,YES
2017 - 18 Regular Season,Tanner Nagel,F,Lethbridge Hurricanes,1998-01-27,57,2,2,4,8,0.39,0.49,-0.1,4,311,0.01,0.57,0.29,NO
2017 - 18 Regular Season,Ian Briscoe,F,Seattle Thunderbirds,1999-02-05,25,0,0,1,1,0.25,0.5,-0.25,0,329,0,0.33,0,NO
2017 - 18 Regular Season,Nikita Popugaev,F,Prince George Cougars,1998-11-20,13,0,0,1,1,0.2,0.43,-0.23,0,294,0,0.33,0,NO
2017 - 18 Regular Season,Brandon Hagel,F,Red Deer Rebels,1998-08-27,56,11,21,6,38,0.54,0.45,0.09,32,253,0.13,0.81,0.68,NO
2017 - 18 Regular Season,James Shearer,D,Brandon Wheat Kings,1997-06-23,43,1,1,6,8,0.41,0.52,-0.11,2,343,0.01,0.24,0.06,NO
2017 - 18 Regular Season,Layne Toder,D,Calgary Hitmen,2000-01-02,70,1,3,5,9,0.36,0.45,-0.09,4,287,0.01,0.29,0.13,YES
2017 - 18 Regular Season,Samuel Stewart,F,Tri-City Americans,2000-06-28,10,0,0,0,0,0.4,0.49,-0.09,0,316,0,0,0,YES
2017 - 18 Regular Season,Cedric Chenier,F,Spokane Chiefs,2000-02-05,37,2,3,1,6,0.44,0.54,-0.1,5,372,0.01,0.5,0.42,YES
2017 - 18 Regular Season,Benjamin Coppinger,F,Prince George Cougars,2000-04-03,18,0,3,1,4,0.44,0.43,0.01,3,294,0.01,1,0.75,YES
2017 - 18 Regular Season,Justin Nachbaur,F,Prince Albert Raiders,2000-03-04,66,9,7,4,20,0.46,0.5,-0.04,16,347,0.05,0.65,0.52,YES
2017 - 18 Regular Season,Riley Stotts,F,Calgary Hitmen,2000-01-05,69,13,8,6,27,0.51,0.45,0.06,21,287,0.07,0.66,0.51,YES
2017 - 18 Regular Season,Ryan Chyzowski,F,Medicine Hat Tigers,2000-05-14,72,11,9,5,25,0.48,0.5,-0.02,20,340,0.06,0.52,0.42,YES
2017 - 18 Regular Season,Keltie Jeri-Leon,F,Kamloops Blazers,2000-01-19,54,7,3,3,13,0.45,0.49,-0.04,10,272,0.04,0.65,0.5,YES
2017 - 18 Regular Season,Paycen Bjorklund,F,Tri-City Americans,2000-12-11,48,2,2,0,4,0.52,0.49,0.03,4,316,0.01,0.33,0.33,NO
2017 - 18 Regular Season,Kaleb Bulych,D,Vancouver Giants,2000-01-25,63,1,2,6,9,0.44,0.47,-0.03,3,305,0.01,0.24,0.08,YES
2017 - 18 Regular Season,Carson Focht,F,Calgary Hitmen,2000-02-04,69,8,7,6,21,0.43,0.45,-0.02,15,287,0.05,0.57,0.41,YES
2017 - 18 Regular Season,Randen Schmidt,D,Saskatoon Blades,2000-01-18,36,0,3,4,7,0.62,0.47,0.15,3,316,0.01,0.33,0.14,YES
2017 - 18 Regular Season,Kaeden Taphorn,F,Kootenay ICE,2000-01-03,62,5,6,1,12,0.36,0.43,-0.07,11,279,0.04,0.6,0.55,YES
2017 - 18 Regular Season,Keenan Taphorn,F,Kootenay ICE,2000-01-03,61,5,10,2,17,0.45,0.43,0.02,15,279,0.05,0.71,0.62,YES
2017 - 18 Regular Season,Sean Richards,F,Everett Silvertips,1998-12-15,64,19,15,5,39,0.55,0.57,-0.02,34,306,0.11,0.72,0.63,NO
2017 - 18 Regular Season,Liam Ryan,F,Prince George Cougars,2000-01-02,34,2,3,0,5,0.41,0.43,-0.02,5,294,0.02,0.71,0.71,YES
2017 - 18 Regular Season,Bryce Platt,F,Regina Pats,1998-05-18,60,3,2,0,5,0.61,0.52,0.09,5,290,0.02,0.45,0.45,NO
2017 - 18 Regular Season,Josh Curtis,F,Prince George Cougars,1998-09-24,72,7,13,9,29,0.45,0.43,0.02,20,294,0.07,0.63,0.43,NO
2017 - 18 Regular Season,Owen Hardy,F,Vancouver Giants,1999-02-13,56,7,7,4,18,0.49,0.47,0.02,14,305,0.05,0.55,0.42,NO
2017 - 18 Regular Season,Arthur Miller,F,Swift Current Broncos,1997-05-28,3,0,1,0,1,0.5,0.56,-0.06,1,336,0,1,1,NO
2017 - 18 Regular Season,Luke Ormsby,F,Everett Silvertips,1999-02-14,56,2,3,1,6,0.44,0.5,-0.06,5,329,0.02,0.5,0.42,NO
2017 - 18 Regular Season,Tristin Langan,F,Moose Jaw Warriors,1998-12-15,70,13,16,8,37,0.61,0.61,0,29,446,0.07,0.71,0.56,NO
2017 - 18 Regular Season,Liam Schioler,D,Regina Pats,1998-01-24,65,0,4,4,8,0.46,0.52,-0.06,4,290,0.01,0.25,0.12,NO
2017 - 18 Regular Season,Liam Belcourt,F,Tri-City Americans,2000-06-29,16,0,0,1,1,0.5,0.49,0.01,0,316,0,0.33,0,YES
2017 - 18 Regular Season,Bailey Dhaliwal,D,Vancouver Giants,1999-03-12,7,0,1,0,1,0.67,0.47,0.2,1,305,0,0.25,0.25,NO
2017 - 18 Regular Season,Dylan MacPherson,D,Medicine Hat Tigers,1998-04-27,67,4,11,2,17,0.52,0.5,0.02,15,340,0.04,0.29,0.26,NO
2017 - 18 Regular Season,Riley Sawchuk,F,Tri-City Americans,1999-03-18,70,10,6,3,19,0.43,0.49,-0.06,16,316,0.05,0.66,0.55,NO
2017 - 18 Regular Season,Tristyn DeRoose,F,Moose Jaw Warriors,1999-01-29,47,4,1,2,7,0.58,0.61,-0.03,5,446,0.01,0.64,0.45,NO
2017 - 18 Regular Season,Zack Hayes,D,Prince Albert Raiders,1999-04-24,71,3,9,4,16,0.48,0.5,-0.02,12,347,0.03,0.29,0.21,NO
2017 - 18 Regular Season,Brett Kemp,F,Edmonton Oil Kings,2000-03-23,69,13,6,8,27,0.44,0.39,0.05,19,253,0.08,0.69,0.49,YES
2017 - 18 Regular Season,Gianni Fairbrother,D,Everett Silvertips,2000-09-30,33,1,1,1,3,0.45,0.57,-0.12,2,306,0.01,0.2,0.13,NO
2017 - 18 Regular Season,Wyatte Wylie,D,Everett Silvertips,1999-11-02,72,3,3,8,14,0.54,0.57,-0.03,6,306,0.02,0.27,0.12,YES
2017 - 18 Regular Season,Brian Harris,F,Edmonton Oil Kings,1999-01-02,49,2,1,0,3,0.2,0.39,-0.19,3,253,0.01,0.43,0.43,NO
2017 - 18 Regular Season,Kirby Dach,F,Saskatoon Blades,2001-01-21,52,4,15,5,24,0.53,0.47,0.06,19,316,0.06,0.63,0.5,NO
2017 - 18 Regular Season,Tyler Lees,F,Saskatoon Blades,2000-05-14,32,2,1,0,3,0.38,0.47,-0.09,3,316,0.01,0.6,0.6,YES
2017 - 18 Regular Season,Brandon Machado,F,Saskatoon Blades,2000-04-07,60,1,2,0,3,0.32,0.47,-0.15,3,316,0.01,0.25,0.25,YES
2017 - 18 Regular Season,Matthew Mosher,F,Prince George Cougars,2000-04-27,18,0,0,0,0,0.11,0.43,-0.32,0,294,0,0,0,YES
2017 - 18 Regular Season,Dmitri Zaitsev,D,Moose Jaw Warriors,1998-01-18,61,4,5,11,20,0.65,0.61,0.04,9,446,0.02,0.3,0.14,NO
2017 - 18 Regular Season,Matthew Benson,D,Moose Jaw Warriors,2000-11-24,49,0,3,7,10,0.51,0.61,-0.1,3,446,0.01,0.28,0.08,NO
2017 - 18 Regular Season,Matthew Sanders,D,Moose Jaw Warriors,2001-01-12,6,0,0,0,0,0.67,0.61,0.06,0,446,0,0,0,NO
2017 - 18 Regular Season,Mark Rubinchik,D,Saskatoon Blades,1999-03-21,67,2,10,6,18,0.45,0.47,-0.02,12,316,0.04,0.36,0.24,NO
2017 - 18 Regular Season,Jaxan Kaluski,F,Moose Jaw Warriors,1999-04-27,46,3,0,2,5,0.44,0.61,-0.17,3,446,0.01,0.71,0.43,NO
2017 - 18 Regular Season,Jakin Smallwood,F,Kootenay ICE,2001-01-21,1,0,0,0,0,,0.43,,0,279,0,,,NO
2017 - 18 Regular Season,Brecon Wood,F,Moose Jaw Warriors,2000-12-05,27,3,0,1,4,0.75,0.61,0.14,3,446,0.01,0.67,0.5,NO
2017 - 18 Regular Season,Tyler Smithies,F,Moose Jaw Warriors,2000-07-27,36,0,4,0,4,0.47,0.61,-0.14,4,446,0.01,0.57,0.57,YES
2017 - 18 Regular Season,Jantzen Leslie,D,Edmonton Oil Kings,1999-02-11,24,1,0,0,1,0.38,0.47,-0.09,1,316,0,0.11,0.11,NO
2017 - 18 Regular Season,Brayden Tracey,F,Moose Jaw Warriors,2001-05-28,5,0,2,0,2,0.75,0.61,0.14,2,446,0,0.67,0.67,NO
2017 - 18 Regular Season,Chantz Petruic,F,Moose Jaw Warriors,1999-06-11,0,0,0,0,0,,0.61,,0,446,0,,,NO
2017 - 18 Regular Season,Zachary Ashton,D,Saskatoon Blades,2001-02-09,2,0,0,0,0,,0.47,,0,316,0,,,NO
2017 - 18 Regular Season,Dawson Butt,F,Everett Silvertips,2000-08-08,45,1,2,0,3,0.35,0.57,-0.22,3,306,0.01,0.43,0.43,YES
2017 - 18 Regular Season,Orrin Centazzo,F,Everett Silvertips,2000-04-17,72,9,8,5,22,0.51,0.49,0.02,17,272,0.06,0.69,0.53,YES
2017 - 18 Regular Season,Brandson Hein,F,Everett Silvertips,1998-09-27,30,2,2,0,4,0.5,0.57,-0.07,4,306,0.01,0.5,0.5,NO
2017 - 18 Regular Season,Kyle Walker,D,Everett Silvertips,2000-07-09,50,1,2,3,6,0.57,0.57,0,3,306,0.01,0.19,0.1,YES
2017 - 18 Regular Season,Ethan Browne,F,Everett Silvertips,2001-05-04,38,1,8,1,10,0.38,0.43,-0.05,9,294,0.03,0.77,0.69,NO
2017 - 18 Regular Season,Gary Haden,F,Medicine Hat Tigers,1999-01-23,70,14,16,5,35,0.53,0.5,0.03,30,340,0.09,0.76,0.65,NO
2017 - 18 Regular Season,Baxter Anderson,F,Medicine Hat Tigers,2000-03-11,45,1,3,1,5,0.42,0.5,-0.08,4,340,0.01,0.5,0.4,YES
2017 - 18 Regular Season,Cole  Beamin,D,Prince George Cougars,2001-10-11,2,0,0,0,0,,0.43,,0,294,0,,,NO
2017 - 18 Regular Season,Keegan Craik,F,Prince George Cougars,2001-05-25,2,0,0,0,0,0,0.43,-0.43,0,294,0,,,NO
2017 - 18 Regular Season,Aleksi Heponiemi,F,Swift Current Broncos,1999-01-09,57,13,33,19,65,0.68,0.56,0.12,46,336,0.14,0.8,0.57,NO
2017 - 18 Regular Season,Quinton Waitzner,F,Swift Current Broncos,2000-01-14,43,0,0,0,0,0.2,0.56,-0.36,0,336,0,0,0,YES
2017 - 18 Regular Season,Owen Blocker,F,Lethbridge Hurricanes,2000-03-30,58,2,4,1,7,0.37,0.49,-0.12,6,311,0.02,0.54,0.46,YES
2017 - 18 Regular Season,Josh Williams,F,Medicine Hat Tigers,2001-03-08,47,6,3,5,14,0.43,0.5,-0.07,9,340,0.03,0.74,0.47,NO
2017 - 18 Regular Season,Noah King,F,Swift Current Broncos,1999-07-02,65,0,3,2,5,0.44,0.56,-0.12,3,336,0.01,0.17,0.1,NO
2017 - 18 Regular Season,Matthew Stanley,D,Lethbridge Hurricanes,1998-02-09,73,2,3,6,11,0.41,0.49,-0.08,5,311,0.02,0.38,0.17,NO
2017 - 18 Regular Season,Jalen Price,F,Medicine Hat Tigers,2001-02-15,0,0,0,0,0,,0.5,,0,340,0,,,NO
2017 - 18 Regular Season,Daniel Baker,D,Medicine Hat Tigers,2001-05-15,11,0,1,0,1,0.44,0.5,-0.06,1,340,0,0.25,0.25,NO
2017 - 18 Regular Season,Henry Rybinski,F,Medicine Hat Tigers,2001-06-26,63,3,4,5,12,0.45,0.5,-0.05,7,340,0.02,0.57,0.33,NO
2017 - 18 Regular Season,Dalton Gally,D,Medicine Hat Tigers,1998-01-26,72,2,6,4,12,0.37,0.5,-0.13,8,340,0.02,0.27,0.18,NO
2017 - 18 Regular Season,Riley Bruce,D,Everett Silvertips,1999-04-05,5,0,0,1,1,0.2,0.57,-0.37,0,306,0,1,0,NO
2017 - 18 Regular Season,Owen Williams,D,Regina Pats,2000-09-26,59,0,3,3,6,0.49,0.52,-0.03,3,290,0.01,0.27,0.14,NO
2017 - 18 Regular Season,Riley Krane,F,Regina Pats,2000-01-24,0,0,0,0,0,,0.52,,0,290,0,,,YES
2017 - 18 Regular Season,Logan Nijhoff,F,Regina Pats,2001-06-23,30,3,3,0,6,0.37,0.52,-0.15,6,290,0.02,0.55,0.55,NO
2017 - 18 Regular Season,Cole Muir,F,Kootenay ICE,2001-02-14,51,2,2,2,6,0.37,0.52,-0.15,4,290,0.01,0.55,0.36,NO
2017 - 18 Regular Season,Bryan Lockner,F,Medicine Hat Tigers,2000-04-04,70,11,3,7,21,0.57,0.5,0.07,14,340,0.04,0.45,0.3,YES
2017 - 18 Regular Season,Kjell Kjemhus,F,Prince George Cougars,2001-04-03,28,2,2,0,4,0.37,0.43,-0.06,4,294,0.01,0.57,0.57,NO
2017 - 18 Regular Season,Braydon Buziak,F,Regina Pats,1998-01-24,66,3,2,5,10,0.37,0.52,-0.15,5,290,0.02,0.53,0.26,NO
2017 - 18 Regular Season,Nick Henry,F,Regina Pats,1999-07-04,53,11,6,5,22,0.48,0.52,-0.04,17,290,0.06,0.65,0.5,NO
2017 - 18 Regular Season,Carter Chorney,F,Spokane Chiefs,2001-02-06,41,2,0,0,2,0.53,0.54,-0.01,2,372,0.01,0.2,0.2,NO
2017 - 18 Regular Season,Logan Foster,F,Swift Current Broncos,1999-09-07,23,2,1,0,3,0.56,0.56,0,3,336,0.01,0.6,0.6,NO
2017 - 18 Regular Season,Luke Gallagher,D,Spokane Chiefs,2000-05-18,33,1,2,0,3,0.36,0.54,-0.18,3,372,0.01,0.25,0.25,YES
2017 - 18 Regular Season,Joachim Blichfeld,F,Portland Winterhawks,1998-07-17,56,15,8,8,31,0.65,0.57,0.08,23,345,0.07,0.78,0.57,NO
2017 - 18 Regular Season,Ilijah Colina,F,Portland Winterhawks,2000-02-18,66,7,9,4,20,0.39,0.57,-0.18,16,345,0.05,0.69,0.55,YES
2017 - 18 Regular Season,Matt Leduc,D,Spokane Chiefs,2000-01-10,51,1,3,1,5,0.42,0.54,-0.12,4,372,0.01,0.23,0.18,YES
2017 - 18 Regular Season,Brad Ginnell,F,Kootenay ICE,2000-07-04,61,5,5,3,13,0.42,0.57,-0.15,10,345,0.03,0.59,0.45,YES
2017 - 18 Regular Season,Jake McGrew,F,Spokane Chiefs,1999-02-25,65,14,7,5,26,0.49,0.54,-0.05,21,372,0.06,0.72,0.58,NO
2017 - 18 Regular Season,Lane Gilliss,F,Portland Winterhawks,1999-10-01,65,7,10,1,18,0.43,0.57,-0.14,17,345,0.05,0.69,0.65,YES
2017 - 18 Regular Season,Riley McKay,F,Spokane Chiefs,1999-03-07,62,4,6,1,11,0.51,0.54,-0.03,10,372,0.03,0.39,0.36,NO
2017 - 18 Regular Season,Jake Gricius,F,Portland Winterhawks,1999-10-13,69,11,6,2,19,0.4,0.57,-0.17,17,345,0.05,0.63,0.57,YES
2017 - 18 Regular Season,Koby Morrisseau,F,Regina Pats,2000-10-18,47,6,4,2,12,0.62,0.52,0.1,10,290,0.03,0.57,0.48,NO
2017 - 18 Regular Season,Henri Jokiharju,D,Portland Winterhawks,1999-06-17,63,6,19,11,36,0.7,0.57,0.13,25,345,0.07,0.49,0.34,NO
2017 - 18 Regular Season,Matthew Quigley,D,Portland Winterhawks,1999-01-04,68,2,9,8,19,0.52,0.57,-0.05,11,345,0.03,0.33,0.19,NO
2017 - 18 Regular Season,Eric Van Impe,D,Medicine Hat Tigers,2001-10-26,2,0,0,0,0,1,0.5,0.5,0,340,0,0,0,NO
2017 - 18 Regular Season,Eli Zummack,F,Spokane Chiefs,2000-03-22,58,6,6,8,20,0.51,0.54,-0.03,12,372,0.03,0.59,0.35,YES
2017 - 18 Regular Season,Reid Perepeluk,F,Prince George Cougars,2000-05-01,10,2,1,0,3,0.57,0.43,0.14,3,294,0.01,0.75,0.75,YES
2017 - 18 Regular Season,Ryley Appelt,F,Kamloops Blazers,2000-01-28,58,4,0,4,8,0.39,0.49,-0.1,4,272,0.01,0.67,0.33,YES
2017 - 18 Regular Season,Cole Moberg,D,Prince George Cougars,2000-10-17,64,2,2,6,10,0.45,0.43,0.02,4,294,0.01,0.3,0.12,NO
2017 - 18 Regular Season,Ryan Schoettler,D,Prince George Cougars,1999-07-25,72,5,5,7,17,0.44,0.43,0.01,10,294,0.03,0.31,0.18,NO
2017 - 18 Regular Season,Connor Bowie,F,Portland Winterhawks,2001-04-10,10,2,0,1,3,0.43,0.57,-0.14,2,345,0.01,1,0.67,NO
2017 - 18 Regular Season,Ty Kolle,F,Portland Winterhawks,2000-04-11,60,7,5,2,14,0.48,0.57,-0.09,12,345,0.03,0.61,0.52,YES
2017 - 18 Regular Season,Tylor Ludwar,D,Kamloops Blazers,1999-09-12,53,1,1,1,3,0.39,0.49,-0.1,2,272,0.01,0.33,0.22,NO
2017 - 18 Regular Season,Scott Mahovlich,F,Kamloops Blazers,1999-04-20,44,0,3,1,4,0.36,0.49,-0.13,3,272,0.01,0.44,0.33,NO
2017 - 18 Regular Season,Carson Denomie,F,Kamloops Blazers,2000-01-27,66,6,5,6,17,0.47,0.49,-0.02,11,272,0.04,0.61,0.39,YES
2017 - 18 Regular Season,Brodi Stuart,F,Kamloops Blazers,2000-03-10,70,10,4,9,23,0.46,0.49,-0.03,14,272,0.05,0.72,0.44,YES
2017 - 18 Regular Season,Jaxon Steele,F,Medicine Hat Tigers,2000-07-23,17,0,0,0,0,0.5,0.5,0,0,340,0,0,0,YES
2017 - 18 Regular Season,Dawson Heathcote,F,Medicine Hat Tigers,2000-01-02,47,6,1,2,9,0.56,0.5,0.06,7,340,0.02,0.6,0.47,YES
2017 - 18 Regular Season,Brandon Cutler,F,Red Deer Rebels,2000-01-04,68,6,4,1,11,0.37,0.45,-0.08,10,253,0.04,0.58,0.53,YES
2017 - 18 Regular Season,Chase Lowry,F,Red Deer Rebels,2000-05-12,2,0,0,0,0,0,0.45,-0.45,0,253,0,,,YES
2017 - 18 Regular Season,Austin Schellenberg,F,Red Deer Rebels,2000-08-02,46,2,1,0,3,0.36,0.45,-0.09,3,253,0.01,0.3,0.3,YES
2017 - 18 Regular Season,Alexander Alexeyev,D,Red Deer Rebels,1999-11-15,45,4,7,9,20,0.51,0.45,0.06,11,253,0.04,0.5,0.28,YES
2017 - 18 Regular Season,Zach Wytinck,D,Brandon Wheat Kings,1999-03-22,68,2,2,7,11,0.47,0.52,-0.05,4,343,0.01,0.31,0.11,NO
2017 - 18 Regular Season,Hunor Torzsok,F,Vancouver Giants,2000-02-01,25,1,1,0,2,0.18,0.47,-0.29,2,305,0.01,1,1,YES
2017 - 18 Regular Season,Marcus Kichton,D,Vancouver Giants,1999-01-09,34,0,0,1,1,0.43,0.47,-0.04,0,305,0,0.06,0,NO
2017 - 18 Regular Season,Alex Kannok Leipert,D,Vancouver Giants,2000-07-20,60,5,7,3,15,0.49,0.47,0.02,12,305,0.04,0.33,0.27,YES
2017 - 18 Regular Season,Bowen Byram,D,Vancouver Giants,2001-06-13,60,3,10,5,18,0.5,0.47,0.03,13,305,0.04,0.36,0.26,NO
2017 - 18 Regular Season,Dillon Hamaliuk,F,Seattle Thunderbirds,2000-10-30,72,12,6,14,32,0.53,0.5,0.03,18,329,0.05,0.7,0.39,NO
2017 - 18 Regular Season,MacKenzie Wight,F,Swift Current Broncos,1999-02-04,55,1,1,1,3,0.32,0.56,-0.24,2,336,0.01,0.5,0.33,NO
2017 - 18 Regular Season,Sami Moilanen,F,Seattle Thunderbirds,1999-01-22,50,17,10,9,36,0.56,0.5,0.06,27,329,0.08,0.73,0.55,NO
2017 - 18 Regular Season,Jake Lee,D,Seattle Thunderbirds,2001-07-13,64,4,2,3,9,0.48,0.5,-0.02,6,329,0.02,0.26,0.17,NO
2017 - 18 Regular Season,Reece Harsch,D,Seattle Thunderbirds,1999-01-07,53,4,4,6,14,0.47,0.5,-0.03,8,329,0.02,0.33,0.19,NO
2017 - 18 Regular Season,Scott Atkinson,F,Edmonton Oil Kings,2000-07-07,48,2,4,4,10,0.38,0.39,-0.01,6,253,0.02,0.62,0.38,YES
2017 - 18 Regular Season,Artyom Baltruk,F,Edmonton Oil Kings,1999-05-04,3,0,0,0,0,0,0.39,-0.39,0,253,0,,,NO
2017 - 18 Regular Season,Nick Bowman,F,Edmonton Oil Kings,2000-03-13,56,2,1,3,6,0.37,0.39,-0.02,3,253,0.01,0.43,0.21,YES
2017 - 18 Regular Season,Ty Gerla,F,Edmonton Oil Kings,1999-07-01,59,2,6,3,11,0.37,0.39,-0.02,8,253,0.03,0.58,0.42,NO
2017 - 18 Regular Season,Liam Keeler,F,Edmonton Oil Kings,2001-01-16,60,2,4,5,11,0.33,0.39,-0.06,6,253,0.02,0.61,0.33,NO
2017 - 18 Regular Season,Davis Murray,F,Edmonton Oil Kings,1999-09-19,45,1,2,2,5,0.21,0.39,-0.18,3,253,0.01,0.83,0.5,YES
2017 - 18 Regular Season,Carter Souch,F,Edmonton Oil Kings,2001-10-28,38,2,3,2,7,0.39,0.39,0,5,253,0.02,0.64,0.45,NO
2017 - 18 Regular Season,Ethan Cap,D,Edmonton Oil Kings,2000-04-17,72,3,2,4,9,0.33,0.39,-0.06,5,253,0.02,0.24,0.13,YES
2017 - 18 Regular Season,Wyatt McLeod,D,Edmonton Oil Kings,2000-01-27,49,2,1,5,8,0.35,0.39,-0.04,3,253,0.01,0.3,0.11,YES
2017 - 18 Regular Season,Jayden Platz,D,Edmonton Oil Kings,2000-05-06,54,1,1,1,3,0.31,0.39,-0.08,2,253,0.01,0.19,0.12,YES
2017 - 18 Regular Season,Matthew Robertson,D,Edmonton Oil Kings,2001-03-09,67,6,5,7,18,0.44,0.39,0.05,11,253,0.04,0.36,0.22,NO
2017 - 18 Regular Season,Arjun Atwal,F,Saskatoon Blades,1999-09-30,16,0,1,0,1,0.29,0.47,-0.18,1,316,0,0.5,0.5,YES
2017 - 18 Regular Season,Tarun Fizer,F,Victoria Royals,2001-03-01,45,1,2,3,6,0.47,0.53,-0.06,3,351,0.01,0.67,0.33,NO
2017 - 18 Regular Season,Eric Florchuk,F,Saskatoon Blades,2000-01-10,71,10,13,13,36,0.6,0.47,0.13,23,316,0.07,0.65,0.42,YES
2017 - 18 Regular Season,Dino Kambeitz,F,Victoria Royals,2000-01-25,69,10,3,2,15,0.48,0.53,-0.05,13,351,0.04,0.56,0.48,YES
2017 - 18 Regular Season,Kaid Oliver,F,Victoria Royals,2000-01-24,64,5,5,10,20,0.48,0.53,-0.05,10,351,0.03,0.67,0.33,YES
2017 - 18 Regular Season,Zach Russell,F,Brandon Wheat Kings,1999-06-09,1,0,0,0,0,,0.52,,0,343,0,,,NO
2017 - 18 Regular Season,Gunnar Wegleitner,F,Brandon Wheat Kings,1998-05-06,57,9,6,2,17,0.61,0.52,0.09,15,343,0.04,0.68,0.6,NO
2017 - 18 Regular Season,Jeremy Masella,D,Prince Albert Raiders,1999-02-16,68,4,3,7,14,0.57,0.5,0.07,7,347,0.02,0.29,0.14,NO
2017 - 18 Regular Season,Mitchell Prowse,D,Victoria Royals,2000-06-08,71,1,8,9,18,0.56,0.53,0.03,9,351,0.03,0.27,0.13,YES
2017 - 18 Regular Season,Matthew Smith,D,Victoria Royals,2000-04-13,65,3,2,7,12,0.56,0.53,0.03,5,351,0.01,0.27,0.11,YES
2017 - 18 Regular Season,Nolan Jones,D,Lethbridge Hurricanes,2001-04-26,9,0,0,0,0,0.43,0.49,-0.06,0,311,0,0,0,NO
2017 - 18 Regular Season,Alex Cotton,D,Lethbridge Hurricanes,2001-05-12,5,0,0,0,0,0.5,0.49,0.01,0,311,0,0,0,NO
2017 - 18 Regular Season,Dylan Cozens,F,Lethbridge Hurricanes,2001-02-09,57,12,12,10,34,0.55,0.49,0.06,24,311,0.08,0.77,0.55,NO
2017 - 18 Regular Season,Jadon Joseph,F,Lethbridge Hurricanes,1999-05-22,53,7,9,9,25,0.46,0.49,-0.03,16,311,0.05,0.69,0.44,NO
2017 - 18 Regular Season,Shawn Harke,F,Lethbridge Hurricanes,2000-02-14,26,1,0,0,1,0.3,0.49,-0.19,1,311,0,0.33,0.33,YES
2017 - 18 Regular Season,Michael Farren,F,Saskatoon Blades,2000-04-19,62,5,6,1,12,0.38,0.47,-0.09,11,316,0.03,0.55,0.5,YES
2017 - 18 Regular Season,Seth Bafaro,D,Saskatoon Blades,2000-05-16,58,2,4,2,8,0.52,0.47,0.05,6,316,0.02,0.24,0.18,YES
2017 - 18 Regular Season,Mitchell Brown,F,Tri-City Americans,2001-06-25,53,2,3,2,7,0.49,0.49,0,5,316,0.02,0.32,0.23,NO
2017 - 18 Regular Season,Sasha Mutala,F,Tri-City Americans,2001-05-06,68,8,6,6,20,0.49,0.49,0,14,316,0.04,0.51,0.36,NO
2017 - 18 Regular Season,Zack Andrusiak,F,Seattle Thunderbirds,1998-07-10,72,24,19,7,50,0.5,0.5,0,43,329,0.13,0.81,0.69,NO
2017 - 18 Regular Season,Nikita Krivokrasov,F,Prince Albert Raiders,2000-12-23,34,3,0,0,3,0.42,0.5,-0.08,3,347,0.01,0.6,0.6,NO
2017 - 18 Regular Season,Adam Herold,D,Prince Albert Raiders,2001-04-12,3,0,0,0,0,0.4,0.5,-0.1,0,347,0,0,0,NO
2017 - 18 Regular Season,Eric Pearce,F,Prince Albert Raiders,2001-07-30,49,4,2,0,6,0.3,0.5,-0.2,6,347,0.02,0.86,0.86,NO
2017 - 18 Regular Season,Rhett Rhinehart,D,Prince Albert Raiders,2001-11-27,60,3,0,2,5,0.35,0.5,-0.15,3,347,0.01,0.18,0.11,NO
2017 - 18 Regular Season,Tyler Lowe,D,Prince Albert Raiders,2000-09-22,1,0,0,0,0,,0.5,,0,347,0,,,NO
2017 - 18 Regular Season,Andrei Grishakov,F,Calgary Hitmen,1999-05-17,69,14,11,3,28,0.48,0.45,0.03,25,287,0.09,0.72,0.64,NO
2017 - 18 Regular Season,Tyson Terretta,D,Seattle Thunderbirds,2000-02-22,42,0,1,0,1,0.32,0.5,-0.18,1,329,0,0.11,0.11,YES
2017 - 18 Regular Season,Vladislav Yeryomenko,D,Calgary Hitmen,1999-04-23,63,3,5,5,13,0.45,0.45,0,8,287,0.03,0.26,0.16,NO
2017 - 18 Regular Season,Bryce Bader,F,Calgary Hitmen,2001-04-28,3,0,0,0,0,0,0.45,-0.45,0,287,0,,,NO
2017 - 18 Regular Season,Cael Zimmerman,F,Calgary Hitmen,2001-01-17,66,4,4,5,13,0.31,0.45,-0.14,8,287,0.03,0.65,0.4,NO
2017 - 18 Regular Season,Jackson van de Leest,D,Calgary Hitmen,2001-06-15,36,0,2,2,4,0.38,0.45,-0.07,2,287,0.01,0.2,0.1,NO
2017 - 18 Regular Season,Justyn Gurney,F,Calgary Hitmen,2000-10-01,54,1,2,1,4,0.21,0.45,-0.24,3,287,0.01,0.5,0.38,NO
2017 - 18 Regular Season,Cole Clayton,D,Medicine Hat Tigers,2000-02-29,56,2,2,1,5,0.51,0.5,0.01,4,340,0.01,0.21,0.17,YES
2017 - 18 Regular Season,Jack Cowell,F,Kelowna Rockets,1999-05-02,71,5,5,9,19,0.38,0.52,-0.14,10,336,0.03,0.66,0.34,NO
2017 - 18 Regular Season,Liam Kindree,F,Kelowna Rockets,2000-01-02,50,5,9,4,18,0.52,0.52,0,14,336,0.04,0.62,0.48,YES
2017 - 18 Regular Season,Kaedan Korczak,D,Kelowna Rockets,2001-01-29,67,2,6,6,14,0.51,0.52,-0.01,8,336,0.02,0.25,0.15,NO
2017 - 18 Regular Season,Konrad Belcourt,D,Kelowna Rockets,2000-05-04,40,1,0,2,3,0.37,0.52,-0.15,1,336,0,0.18,0.06,YES
2017 - 18 Regular Season,Kelvin Hair,D,Kelowna Rockets,2000-05-17,30,0,0,0,0,0.33,0.52,-0.19,0,336,0,0,0,YES
2017 - 18 Regular Season,Ian Walker,D,Everett Silvertips,2000-01-16,67,1,4,3,8,0.55,0.57,-0.02,5,306,0.02,0.21,0.13,YES
2017 - 18 Regular Season,Cameron MacPhee,D,Medicine Hat Tigers,1999-05-17,47,2,1,1,4,0.35,0.5,-0.15,3,340,0.01,0.21,0.16,NO
2017 - 18 Regular Season,Kristians Rubins,D,Medicine Hat Tigers,1997-12-11,60,5,6,6,17,0.46,0.5,-0.04,11,340,0.03,0.33,0.22,NO
2017 - 18 Regular Season,Bobby Russell,D,Kootenay ICE,2000-03-23,41,0,3,3,6,0.4,0.43,-0.03,3,279,0.01,0.32,0.16,YES
2017 - 18 Regular Season,Fedor Rudakov,D,Edmonton Oil Kings,1998-06-21,11,0,1,0,1,0.36,0.39,-0.03,1,253,0,0.25,0.25,NO
2017 - 18 Regular Season,Michael King,F,Kootenay ICE,2000-02-17,56,8,5,2,15,0.52,0.43,0.09,13,279,0.05,0.71,0.62,YES
2017 - 18 Regular Season,Peyton Krebs,F,Kootenay ICE,2001-01-26,67,13,14,8,35,0.45,0.43,0.02,27,279,0.1,0.78,0.6,NO
2017 - 18 Regular Season,Nolan Foote,F,Kelowna Rockets,2000-11-29,50,8,8,10,26,0.57,0.52,0.05,16,336,0.05,0.58,0.36,NO
2017 - 18 Regular Season,Kyle Topping,F,Kelowna Rockets,1999-11-18,66,16,7,19,42,0.6,0.52,0.08,23,336,0.07,0.72,0.4,YES
2017 - 18 Regular Season,Trey Fix-Wolansky,F,Edmonton Oil Kings,1999-05-26,71,20,21,10,51,0.47,0.39,0.08,41,253,0.16,0.81,0.65,NO
2017 - 18 Regular Season,Connor Lyons,F,Lethbridge Hurricanes,1999-10-01,1,0,0,0,0,,0.49,,0,311,0,,,YES
2017 - 18 Regular Season,Jayden Davis,F,Lethbridge Hurricanes,1999-11-14,11,1,0,0,1,0.2,0.49,-0.29,1,311,0,1,1,YES
2017 - 18 Regular Season,Daniel Bukac,D,Brandon Wheat Kings,1999-04-29,39,0,2,3,5,0.49,0.52,-0.03,2,343,0.01,0.23,0.09,NO
2017 - 18 Regular Season,Rylan Bettens,F,Brandon Wheat Kings,2000-02-16,49,6,4,2,12,0.43,0.52,-0.09,10,343,0.03,0.63,0.53,YES
2017 - 18 Regular Season,Marcus Sekundiak,F,Brandon Wheat Kings,2000-04-20,61,4,1,3,8,0.46,0.52,-0.06,5,343,0.01,0.44,0.28,YES
2017 - 18 Regular Season,Cole Reinhardt,F,Brandon Wheat Kings,2000-02-01,68,14,4,6,24,0.48,0.52,-0.04,18,343,0.05,0.65,0.49,YES
2017 - 18 Regular Season,Baron Thompson,F,Brandon Wheat Kings,1999-02-19,60,9,12,0,21,0.47,0.52,-0.05,21,343,0.06,0.72,0.72,NO
2017 - 18 Regular Season,Ty Ettinger,D,Brandon Wheat Kings,2000-02-04,45,2,2,3,7,0.57,0.52,0.05,4,343,0.01,0.3,0.17,YES
2017 - 18 Regular Season,Bradly Goethals,F,Saskatoon Blades,1998-06-17,69,13,8,4,25,0.47,0.47,0,21,316,0.07,0.6,0.5,NO
2017 - 18 Regular Season,Travis Walton,F,Kamloops Blazers,1999-01-01,52,3,3,1,7,0.39,0.49,-0.1,6,272,0.02,0.58,0.5,NO
2017 - 18 Regular Season,Tyler Jette,D,Tri-City Americans,1998-05-08,5,1,0,0,1,1,0.49,0.51,1,316,0,0.5,0.5,NO
2017 - 18 Regular Season,Leif Mattson,F,Kelowna Rockets,1999-07-23,63,15,13,10,38,0.56,0.52,0.04,28,336,0.08,0.73,0.54,NO
2017 - 18 Regular Season,Nolan Orzeck,D,Kootenay ICE,2001-02-20,8,0,0,1,1,0.67,0.43,0.24,0,279,0,0.25,0,NO
2017 - 18 Regular Season,Connor Bouchard,F,Tri-City Americans,2001-03-14,60,2,5,1,8,0.44,0.49,-0.05,7,316,0.02,0.5,0.44,NO
2017 - 18 Regular Season,Aidan Barfoot,F,Vancouver Giants,2001-06-01,47,5,2,0,7,0.38,0.47,-0.09,7,305,0.02,0.78,0.78,NO
2017 - 18 Regular Season,Jacson Alexander,D,Swift Current Broncos,2001-02-01,32,1,3,1,5,0.61,0.56,0.05,4,336,0.01,0.26,0.21,NO
2017 - 18 Regular Season,Dallon Wilton,F,Kelowna Rockets,2001-04-29,2,0,0,0,0,0.67,0.52,0.15,0,336,0,0,0,NO
2017 - 18 Regular Season,Reece Vitelli,F,Everett Silvertips,2001-07-05,70,2,3,5,10,0.4,0.57,-0.17,5,306,0.02,0.5,0.25,NO
2017 - 18 Regular Season,Justin Svenson,F,Red Deer Rebels,2001-04-14,18,0,0,0,0,0.25,0.45,-0.2,0,253,0,0,0,NO
2017 - 18 Regular Season,Mark Liwiski,F,Everett Silvertips,2001-08-08,10,0,0,0,0,0,0.57,-0.57,0,306,0,,,NO
2017 - 18 Regular Season,Tristen Robins,F,Regina Pats,2001-11-15,4,0,1,0,1,0.33,0.52,-0.19,1,290,0,1,1,NO
2017 - 18 Regular Season,Blake Allan,F,Kootenay ICE,2001-04-21,4,1,1,0,2,0.67,0.43,0.24,2,279,0.01,1,1,NO
2017 - 18 Regular Season,Jaydon Dureau,F,Portland Winterhawks,2001-01-20,6,0,0,0,0,0.5,0.57,-0.07,0,345,0,0,0,NO
2017 - 18 Regular Season,Cordel Larson,F,Spokane Chiefs,2001-05-02,4,0,0,0,0,0,0.54,-0.54,0,372,0,,,NO
2017 - 18 Regular Season,Connor Zary,F,Kamloops Blazers,2001-09-25,68,6,3,9,18,0.53,0.49,0.04,9,272,0.03,0.55,0.27,NO
2017 - 18 Regular Season,Quinn Schmiemann,D,Kamloops Blazers,2001-07-23,3,0,0,0,0,0.67,0.49,0.18,0,272,0,0,0,NO
2017 - 18 Regular Season,Jameson Murray,D,Calgary Hitmen,1999-02-10,35,1,0,4,5,0.41,0.45,-0.04,1,287,0,0.29,0.06,NO
2017 - 18 Regular Season,Logan Barlage,F,Lethbridge Hurricanes,2001-01-12,71,5,7,6,18,0.51,0.49,0.02,12,311,0.04,0.51,0.34,NO
2017 - 18 Regular Season,Tate Popple,F,Moose Jaw Warriors,2000-03-03,71,6,9,6,21,0.59,0.61,-0.02,15,446,0.03,0.64,0.45,YES
2017 - 18 Regular Season,Dryden Michaud,F,Saskatoon Blades,1998-03-17,29,2,2,0,4,0.36,0.47,-0.11,4,316,0.01,0.8,0.8,NO
2017 - 18 Regular Season,Austin Crossley,D,Prince Albert Raiders,1999-06-30,51,4,3,2,9,0.44,0.5,-0.06,7,347,0.02,0.27,0.21,NO
2017 - 18 Regular Season,Ben McCartney,F,Brandon Wheat Kings,2001-07-13,51,1,5,5,11,0.48,0.52,-0.04,6,343,0.02,0.69,0.38,NO
2017 - 18 Regular Season,Evan Patrician,F,Vancouver Giants,2001-04-14,4,0,0,0,0,0,0.47,-0.47,0,305,0,,,NO
2017 - 18 Regular Season,Chris Douglas,F,Red Deer Rebels,2000-07-06,72,7,3,2,12,0.38,0.45,-0.07,10,253,0.04,0.63,0.53,YES
2017 - 18 Regular Season,Zach Huber,F,Calgary Hitmen,2000-02-01,56,2,1,2,5,0.42,0.45,-0.03,3,287,0.01,0.36,0.21,YES
2017 - 18 Regular Season,Cody Savey,F,Seattle Thunderbirds,2001-07-24,1,0,0,0,0,0,0.5,-0.5,0,329,0,,,NO
2017 - 18 Regular Season,Austin King-Cunningham,D,Tri-City Americans,2000-06-25,7,0,0,0,0,0.25,0.49,-0.24,0,316,0,0,0,YES
2017 - 18 Regular Season,Max Kryski,F,Prince George Cougars,2000-05-04,62,7,1,1,9,0.27,0.43,-0.16,8,294,0.03,0.64,0.57,YES
2017 - 18 Regular Season,Tyler Carpendale,F,Seattle Thunderbirds,2000-01-26,19,3,0,2,5,0.54,0.5,0.04,3,329,0.01,0.71,0.43,YES
2017 - 18 Regular Season,Ethan Regnier,F,Swift Current Broncos,2000-09-08,56,2,2,3,7,0.33,0.56,-0.23,4,336,0.01,0.88,0.5,YES
2017 - 18 Regular Season,Aiden Mucenski,F,Brandon Wheat Kings,1999-11-15,1,0,0,0,0,,0.52,,0,343,0,,,YES
2017 - 18 Regular Season,Koletrane Wilson,D,Lethbridge Hurricanes,1999-09-01,59,3,4,3,10,0.48,0.49,-0.01,7,311,0.02,0.38,0.27,NO
2017 - 18 Regular Season,Braden Schneider,D,Brandon Wheat Kings,2001-09-20,66,0,4,6,10,0.5,0.52,-0.02,4,343,0.01,0.19,0.08,NO
2017 - 18 Regular Season,Martin Fasko-Rudas,F,Everett Silvertips,2000-08-10,70,6,3,4,13,0.54,0.57,-0.03,9,306,0.03,0.62,0.43,YES
2017 - 18 Regular Season,Pavel Azhgirei,F,Everett Silvertips,2000-07-12,19,1,1,0,2,0.17,0.43,-0.26,2,294,0.01,1,1,YES
2017 - 18 Regular Season,Tyson Phare,F,Prince George Cougars,2002-03-20,2,0,0,0,0,0.5,0.43,0.07,0,294,0,0,0,NO
2017 - 18 Regular Season,Mick Kohler,F,Medicine Hat Tigers,1998-02-23,4,0,1,0,1,0.6,0.5,0.1,1,340,0,0.33,0.33,NO
2017 - 18 Regular Season,Trevor Longo,D,Medicine Hat Tigers,2000-04-23,22,0,3,1,4,0.64,0.5,0.14,3,340,0.01,0.44,0.33,YES
2017 - 18 Regular Season,Ben King,F,Swift Current Broncos,2002-05-15,7,0,0,0,0,1,0.56,0.44,0,336,0,0,0,NO
2017 - 18 Regular Season,Christian Reimer,D,Swift Current Broncos,2000-01-30,1,0,0,0,0,,0.56,,0,336,0,,,YES
2017 - 18 Regular Season,Connor Horning,D,Swift Current Broncos,2001-05-11,50,3,1,3,7,0.48,0.56,-0.08,4,336,0.01,0.5,0.29,NO
2017 - 18 Regular Season,Brenden Kwiatkowski,D,Moose Jaw Warriors,2000-07-13,22,0,1,0,1,0.4,0.61,-0.21,1,446,0,0.25,0.25,YES
2017 - 18 Regular Season,Daemon Hunt,D,Moose Jaw Warriors,2002-05-02,9,1,0,1,2,0.62,0.61,0.01,1,446,0,0.25,0.12,NO
2017 - 18 Regular Season,Drae Gardiner,D,Moose Jaw Warriors,2001-02-08,3,0,0,0,0,0.5,0.61,-0.11,0,446,0,0,0,NO
2017 - 18 Regular Season,Chase Hartje,D,Brandon Wheat Kings,1999-12-17,58,2,7,7,16,0.53,0.52,0.01,9,343,0.03,0.29,0.16,YES
2017 - 18 Regular Season,Oleg Sosunov,D,Moose Jaw Warriors,1998-04-13,71,6,6,10,22,0.6,0.61,-0.01,12,446,0.03,0.27,0.15,NO
2017 - 18 Regular Season,Corson Hopwo,F,Medicine Hat Tigers,2001-05-11,1,0,0,0,0,,0.5,,0,340,0,,,NO
2017 - 18 Regular Season,Joel Craven,D,Medicine Hat Tigers,2000-06-27,33,1,3,3,7,0.73,0.5,0.23,4,340,0.01,0.44,0.25,YES
2017 - 18 Regular Season,Sean Strange,D,Kamloops Blazers,2000-01-25,52,0,5,3,8,0.56,0.49,0.07,5,272,0.02,0.28,0.17,YES
2017 - 18 Regular Season,Nikita Malukhin,F,Seattle Thunderbirds,2000-07-15,52,5,2,2,9,0.57,0.5,0.07,7,329,0.02,0.69,0.54,YES
2017 - 18 Regular Season,Roman Kalinichenko,F,Tri-City Americans,2000-07-06,44,1,2,6,9,0.39,0.49,-0.1,3,316,0.01,0.45,0.15,YES
2017 - 18 Regular Season,Tom Cadieux,F,Tri-City Americans,2002-09-11,5,0,0,0,0,0.75,0.49,0.26,0,316,0,0,0,NO
2017 - 18 Regular Season,Sergei Sapego,D,Prince Albert Raiders,1999-10-08,44,3,6,4,13,0.56,0.5,0.06,9,347,0.03,0.48,0.33,YES
2017 - 18 Regular Season,Isaac Johnson,F,Tri-City Americans,1999-01-24,68,13,17,7,37,0.54,0.49,0.05,30,316,0.09,0.74,0.6,NO
2017 - 18 Regular Season,Cade McNelly,D,Seattle Thunderbirds,2001-10-17,15,0,0,0,0,0.38,0.5,-0.12,0,329,0,0,0,NO
2017 - 18 Regular Season,Tyrel Bauer,D,Seattle Thunderbirds,2002-03-23,2,0,0,0,0,0.5,0.5,0,0,329,0,0,0,NO
2017 - 18 Regular Season,Holden Katzalay,F,Seattle Thunderbirds,2000-01-12,59,0,1,1,2,0.36,0.5,-0.14,1,329,0,0.5,0.25,YES
2017 - 18 Regular Season,Justin Sigrist,F,Kamloops Blazers,1999-04-20,50,2,2,5,9,0.42,0.49,-0.07,4,272,0.01,0.47,0.21,NO
2017 - 18 Regular Season,Samuel Huo,F,Seattle Thunderbirds,2001-07-13,67,3,2,0,5,0.38,0.5,-0.12,5,329,0.02,0.29,0.29,NO
2017 - 18 Regular Season,Payton Mount,F,Seattle Thunderbirds,2002-01-19,6,0,1,0,1,0.5,0.5,0,1,329,0,1,1,NO
2017 - 18 Regular Season,Justin Sourdif,F,Vancouver Giants,2002-03-24,4,0,0,0,0,0,0.47,-0.47,0,305,0,,,NO
2017 - 18 Regular Season,Graeme Bryks,F,Seattle Thunderbirds,2001-01-22,10,1,0,0,1,0.5,0.5,0,1,329,0,0.33,0.33,NO
2017 - 18 Regular Season,Kieffer Bellows,F,Portland Winterhawks,1998-06-10,56,30,12,6,48,0.71,0.57,0.14,42,345,0.12,0.75,0.66,NO
2017 - 18 Regular Season,Clay Hanus,D,Portland Winterhawks,2001-03-25,56,0,2,3,5,0.62,0.57,0.05,2,345,0.01,0.15,0.06,NO
2017 - 18 Regular Season,Cyle McNabb,F,Vancouver Giants,2000-09-15,61,1,3,4,8,0.38,0.47,-0.09,4,305,0.01,0.67,0.33,YES
2017 - 18 Regular Season,Nick Cicek,D,Portland Winterhawks,2000-05-29,7,0,0,0,0,0.75,0.57,0.18,0,345,0,0,0,YES
2017 - 18 Regular Season,John Ludvig,D,Portland Winterhawks,2000-08-02,51,2,1,2,5,0.58,0.57,0.01,3,345,0.01,0.17,0.1,YES
2017 - 18 Regular Season,Ryan Miley,D,Portland Winterhawks,2000-07-12,0,0,0,0,0,,0.57,,0,345,0,,,YES
2017 - 18 Regular Season,Krz Plummer,F,Vancouver Giants,2002-02-13,1,0,0,0,0,0,0.47,-0.47,0,305,0,,,NO
2017 - 18 Regular Season,Mason Mannek,F,Portland Winterhawks,2000-04-10,58,7,8,3,18,0.48,0.57,-0.09,15,345,0.04,0.64,0.54,YES
2017 - 18 Regular Season,Reece Newkirk,F,Portland Winterhawks,2001-02-20,58,8,1,2,11,0.49,0.57,-0.08,9,345,0.03,0.65,0.53,NO
2017 - 18 Regular Season,Egor Zamula,D,Calgary Hitmen,2000-03-30,69,0,5,8,13,0.49,0.45,0.04,5,287,0.02,0.28,0.11,YES
2017 - 18 Regular Season,Emil Oksanen,F,Regina Pats,1998-09-25,58,8,11,6,25,0.52,0.52,0,19,290,0.07,0.71,0.54,NO
2017 - 18 Regular Season,George King,F,Prince Albert Raiders,1998-06-10,23,3,0,1,4,0.62,0.5,0.12,3,347,0.01,0.4,0.3,NO
2017 - 18 Regular Season,Cole Dubinsky,F,Regina Pats,2002-12-04,5,0,2,0,2,1,0.52,0.48,2,290,0.01,1,1,NO
2017 - 18 Regular Season,Rayman Bassi,F,Regina Pats,2000-05-02,0,0,0,0,0,,0.52,,0,290,0,,,YES
2017 - 18 Regular Season,Parker Gavlas,D,Regina Pats,1999-06-03,8,0,0,0,0,0,0.52,-0.52,0,290,0,,,NO
2017 - 18 Regular Season,Milos Roman,F,Vancouver Giants,1999-11-06,39,7,5,10,22,0.52,0.47,0.05,12,305,0.04,0.71,0.39,YES
2017 - 18 Regular Season,Tanner Brown,D,Vancouver Giants,2002-10-24,6,0,0,1,1,0.4,0.47,-0.07,0,305,0,0.5,0,NO
2017 - 18 Regular Season,Josh Pillar,F,Kamloops Blazers,2002-02-14,1,0,0,0,0,1,0.49,0.51,0,272,0,0,0,NO
2017 - 18 Regular Season,Kyle Crnkovic,F,Saskatoon Blades,2002-02-10,3,0,0,0,0,0,0.47,-0.47,0,316,0,,,NO
2017 - 18 Regular Season,Arshdeep Bains,F,Red Deer Rebels,2001-01-09,40,2,4,1,7,0.43,0.45,-0.02,6,253,0.02,0.54,0.46,NO
2017 - 18 Regular Season,River Fahey,F,Red Deer Rebels,2001-05-21,26,1,2,0,3,0.35,0.45,-0.1,3,253,0.01,0.43,0.43,NO
2017 - 18 Regular Season,Kristian Reichel,F,Red Deer Rebels,1998-06-11,63,17,4,7,28,0.51,0.45,0.06,21,253,0.08,0.64,0.48,NO
2017 - 18 Regular Season,Zak Smith,F,Red Deer Rebels,2001-05-25,11,0,0,1,1,0.5,0.45,0.05,0,253,0,0.5,0,NO
2017 - 18 Regular Season,Hunter Donohoe,D,Red Deer Rebels,2000-07-07,50,3,2,0,5,0.39,0.45,-0.06,5,253,0.02,0.38,0.38,YES
2017 - 18 Regular Season,Sam Pouliot,D,Red Deer Rebels,2000-05-04,16,1,0,0,1,0.4,0.45,-0.05,1,253,0,0.25,0.25,YES
2017 - 18 Regular Season,Ethan Rowland,F,Red Deer Rebels,2002-09-24,3,0,0,0,0,0,0.45,-0.45,0,253,0,,,NO
2017 - 18 Regular Season,Egor Zudilov,F,Lethbridge Hurricanes,2000-09-10,64,7,5,9,21,0.56,0.49,0.07,12,311,0.04,0.64,0.36,YES
2017 - 18 Regular Season,Ethan Mack,F,Saskatoon Blades,2001-08-27,3,0,0,0,0,0,0.47,-0.47,0,316,0,,,NO
2017 - 18 Regular Season,Brendan Stafford,F,Lethbridge Hurricanes,2000-03-22,36,1,2,3,6,0.32,0.49,-0.17,3,311,0.01,0.75,0.38,YES
2017 - 18 Regular Season,Logan Doust,F,Saskatoon Blades,2001-04-27,3,0,0,0,0,,0.47,,0,316,0,,,NO
2017 - 18 Regular Season,Aidan De La Gorgendiere,D,Saskatoon Blades,2002-02-22,1,0,0,0,0,,0.47,,0,316,0,,,NO
2017 - 18 Regular Season,Hayden Clayton,F,Lethbridge Hurricanes,2000-03-15,4,0,0,0,0,0,0.49,-0.49,0,311,0,,,YES
2017 - 18 Regular Season,Majid Kaddoura,D,Saskatoon Blades,2001-06-20,0,0,0,0,0,,0.47,,0,316,0,,,NO
2017 - 18 Regular Season,Drew Englot,F,Lethbridge Hurricanes,2002-11-26,0,0,0,0,0,,0.49,,0,311,0,,,NO
2017 - 18 Regular Season,Noah Boyko,F,Lethbridge Hurricanes,2002-08-29,3,0,0,0,0,0,0.49,-0.49,0,311,0,,,NO
2017 - 18 Regular Season,Jack Finley,F,Spokane Chiefs,2002-09-02,7,0,0,1,1,0.4,0.54,-0.14,0,372,0,0.5,0,NO
2017 - 18 Regular Season,Milos Fafrak,F,Spokane Chiefs,1999-07-08,66,9,4,6,19,0.52,0.54,-0.02,13,372,0.03,0.73,0.5,NO
2017 - 18 Regular Season,Luke Toporowski,F,Spokane Chiefs,2001-04-12,61,8,6,7,21,0.54,0.54,0,14,372,0.04,0.6,0.4,NO
2017 - 18 Regular Season,Brock Sottile,F,Prince Albert Raiders,1999-08-04,10,0,1,0,1,0.2,0.5,-0.3,1,347,0,1,1,NO
2017 - 18 Regular Season,Adam Beckman,F,Spokane Chiefs,2001-05-10,1,0,0,0,0,,0.54,,0,372,0,,,NO
2017 - 18 Regular Season,Tyson Feist,D,Spokane Chiefs,2001-01-14,8,0,0,0,0,0.25,0.54,-0.29,0,372,0,0,0,NO
2017 - 18 Regular Season,Tyus Gent,F,Victoria Royals,2001-01-19,5,0,0,1,1,0.5,0.53,-0.03,0,351,0,1,0,NO
2017 - 18 Regular Season,Igor Martynov,F,Victoria Royals,1999-01-19,63,15,9,9,33,0.57,0.53,0.04,24,351,0.07,0.7,0.51,NO
2017 - 18 Regular Season,Ty Yoder,F,Victoria Royals,2002-06-19,1,0,0,0,0,0,0.53,-0.53,0,351,0,,,NO
2017 - 18 Regular Season,Remy Aquilon,F,Victoria Royals,2001-03-05,7,0,0,0,0,0.33,0.53,-0.2,0,351,0,0,0,NO
2017 - 18 Regular Season,Kaden Reinders,D,Victoria Royals,2002-01-31,3,0,0,0,0,1,0.53,0.47,0,351,0,0,0,NO
2017 - 18 Regular Season,Ryder Korczak,F,Calgary Hitmen,2002-09-23,3,0,0,0,0,0.25,0.45,-0.2,0,287,0,0,0,NO
2017 - 18 Regular Season,Hunter Campbell,F,Calgary Hitmen,2001-01-27,59,4,5,2,11,0.35,0.45,-0.1,9,287,0.03,0.61,0.5,NO
2017 - 18 Regular Season,Devan Klassen,D,Calgary Hitmen,2001-05-17,9,0,0,0,0,0.5,0.45,0.05,0,287,0,0,0,NO
2017 - 18 Regular Season,Luke Prokop,D,Calgary Hitmen,2002-05-06,14,0,0,2,2,0.36,0.45,-0.09,0,287,0,0.25,0,NO
2017 - 18 Regular Season,Andrew Viggars,D,Calgary Hitmen,2000-01-03,39,0,3,2,5,0.61,0.45,0.16,3,287,0.01,0.22,0.13,YES
2017 - 18 Regular Season,Chance Adrian,F,Prince George Cougars,1999-11-16,40,1,1,1,3,0.32,0.43,-0.11,2,294,0.01,0.38,0.25,YES
2017 - 18 Regular Season,Brendan Boyle,F,Prince George Cougars,2001-04-05,3,0,0,0,0,0.6,0.43,0.17,0,294,0,0,0,NO
2017 - 18 Regular Season,Edge Lambert,F,Prince George Cougars,2001-09-01,2,0,0,0,0,0,0.43,-0.43,0,294,0,,,NO
2017 - 18 Regular Season,Vladislav Mikhalchuk,F,Prince George Cougars,1999-10-16,60,12,7,9,28,0.44,0.43,0.01,19,294,0.06,0.82,0.56,YES
2017 - 18 Regular Season,Dennis Cholowski,D,Portland Winterhawks,1998-02-15,69,9,8,14,31,0.65,0.57,0.08,17,345,0.05,0.38,0.21,NO
2017 - 18 Regular Season,Jack Sander,D,Prince George Cougars,2000-05-01,62,1,1,0,2,0.37,0.43,-0.06,2,294,0.01,0.07,0.07,YES
2017 - 18 Regular Season,David Kope,F,Edmonton Oil Kings,2000-10-10,63,10,6,5,21,0.41,0.39,0.02,16,253,0.06,0.81,0.62,NO
2017 - 18 Regular Season,Jake Neighbours,F,Edmonton Oil Kings,2002-03-29,11,0,2,0,2,0.4,0.39,0.01,2,253,0.01,0.5,0.5,NO
2017 - 18 Regular Season,Andrei Pavlenko,F,Edmonton Oil Kings,2000-04-06,20,2,1,0,3,0.39,0.39,0,3,253,0.01,0.43,0.43,YES
2017 - 18 Regular Season,Logan Dowhaniuk,D,Edmonton Oil Kings,2002-06-20,4,0,0,0,0,0,0.39,-0.39,0,253,0,,,NO
2017 - 18 Regular Season,Aidan Lawson,D,Edmonton Oil Kings,2001-04-21,2,0,0,0,0,0,0.39,-0.39,0,253,0,,,NO
2017 - 18 Regular Season,Wil Kushniryk,F,Kelowna Rockets,2000-01-27,51,2,2,1,5,0.42,0.52,-0.1,4,336,0.01,0.5,0.4,YES
2017 - 18 Regular Season,Kyle Crosbie,F,Kelowna Rockets,2001-02-18,1,0,0,0,0,,0.52,,0,336,0,,,NO
2017 - 18 Regular Season,Kyle Pow,D,Kelowna Rockets,2000-03-11,36,0,3,0,3,0.38,0.52,-0.14,3,336,0.01,1,1,YES
2017 - 18 Regular Season,Cayde Augustine,D,Kelowna Rockets,2001-10-05,5,0,0,0,0,0.5,0.52,-0.02,0,336,0,0,0,NO
2017 - 18 Regular Season,Colum McGauley,F,Kelowna Rockets,2000-03-11,47,2,0,0,2,0.4,0.52,-0.12,2,336,0.01,0.5,0.5,YES
2017 - 18 Regular Season,Dylan Anderson,D,Everett Silvertips,2002-10-23,1,0,0,0,0,0,0.57,-0.57,0,306,0,,,NO
2017 - 18 Regular Season,Marco Creta,D,Regina Pats,2000-05-18,33,1,1,3,5,0.48,0.52,-0.04,2,290,0.01,0.5,0.2,YES
2017 - 18 Regular Season,Ozzy Wiesblatt,F,Prince Albert Raiders,2002-03-09,1,1,0,0,1,1,0.5,0.5,1,347,0,1,1,NO
2017 - 18 Regular Season,Cohner Saleski,F,Prince Albert Raiders,2002-01-14,1,0,0,0,0,0,0.5,-0.5,0,347,0,,,NO
2017 - 18 Regular Season,Kaiden Guhle,D,Prince Albert Raiders,2002-01-18,8,0,1,0,1,0.5,0.5,0,1,347,0,0.33,0.33,NO
2017 - 18 Regular Season,Nick McCarry,F,Medicine Hat Tigers,2001-06-21,2,0,0,0,0,0.5,0.5,0,0,340,0,0,0,NO
2017 - 18 Regular Season,Martin Bodak,D,Kootenay ICE,1998-11-28,59,4,6,8,18,0.46,0.43,0.03,10,279,0.04,0.35,0.19,NO
2017 - 18 Regular Season,Jordan Chudley,D,Kootenay ICE,2001-02-10,2,0,0,0,0,1,0.43,0.57,0,279,0,0,0,NO
2017 - 18 Regular Season,Gilian Kohler,F,Kootenay ICE,2000-05-27,55,5,2,4,11,0.45,0.43,0.02,7,279,0.03,0.46,0.29,YES
2017 - 18 Regular Season,Zachary Patrick,D,Kootenay ICE,2001-07-08,42,0,4,2,6,0.42,0.43,-0.01,4,279,0.01,0.21,0.14,NO
2017 - 18 Regular Season,Sebastian Streu,F,Kootenay ICE,1999-11-22,54,7,3,0,10,0.32,0.43,-0.11,10,279,0.04,0.59,0.59,YES
2017 - 18 Regular Season,Connor McClennon,F,Kootenay ICE,2002-06-25,5,0,0,0,0,0,0.43,-0.43,0,279,0,,,NO
2017 - 18 Regular Season,Anson McMaster,D,Kootenay ICE,2002-07-14,0,0,0,0,0,,0.43,,0,279,0,,,NO
2017 - 18 Regular Season,Jonny Hooker,F,Brandon Wheat Kings,2001-10-03,40,3,4,1,8,0.52,0.52,0,7,343,0.02,0.73,0.64,NO
2017 - 18 Regular Season,Lynden McCallum,F,Brandon Wheat Kings,2000-01-26,5,0,0,0,0,0,0.52,-0.52,0,343,0,,,YES
2017 - 18 Regular Season,Neithan Salame,D,Brandon Wheat Kings,2001-01-01,3,0,0,0,0,1,0.52,0.48,0,343,0,0,0,NO
2017 - 18 Regular Season,Marek Skvrne,F,Kelowna Rockets,1999-08-06,69,2,2,3,7,0.34,0.52,-0.18,4,336,0.01,0.7,0.4,NO
2017 - 18 Regular Season,Libor Zabransky,D,Kelowna Rockets,2000-05-26,72,2,3,4,9,0.53,0.52,0.01,5,336,0.01,0.19,0.1,YES
2017 - 18 Regular Season,Linus Nassen,D,Medicine Hat Tigers,1998-05-10,44,1,2,6,9,0.49,0.5,-0.01,3,340,0.01,0.21,0.07,NO
2017 - 18 Regular Season,Filip Kral,D,Spokane Chiefs,1999-10-20,54,7,7,10,24,0.54,0.54,0,14,372,0.04,0.46,0.27,YES
2017 - 18 Regular Season,Joel Sexsmith,D,Vancouver Giants,2002-04-13,4,0,0,0,0,0,0.47,-0.47,0,305,0,,,NO
2017 - 18 Regular Season,Jordan Borysiuk,F,Red Deer Rebels,2002-01-26,6,0,1,0,1,0.33,0.45,-0.12,1,253,0,1,1,NO
2017 - 18 Regular Season,Ridly Greig,F,Brandon Wheat Kings,2002-08-08,4,0,1,0,1,0.6,0.52,0.08,1,343,0,0.33,0.33,NO
2017 - 18 Regular Season,Raphael Pelletier,F,Edmonton Oil Kings,2002-03-20,5,0,0,0,0,0,0.39,-0.39,0,253,0,,,NO
2017 - 18 Regular Season,Seth Jarvis,F,Portland Winterhawks,2002-02-01,11,0,1,1,2,0.25,0.57,-0.32,1,345,0,1,0.5,NO
2017 - 18 Regular Season,Orca Wiesblatt,F,Calgary Hitmen,2000-06-02,49,5,5,3,13,0.49,0.45,0.04,10,287,0.03,0.65,0.5,YES
2017 - 18 Regular Season,Parker Hendren,D,Vancouver Giants,2001-03-23,10,0,0,0,0,0.27,0.47,-0.2,0,305,0,0,0,NO
2017 - 18 Regular Season,Alec Zawatsky,F,Saskatoon Blades,1999-12-15,43,3,3,1,7,0.41,0.47,-0.06,6,316,0.02,0.47,0.4,YES
2017 - 18 Regular Season,Payton McIssac,D,Saskatoon Blades,,0,0,0,0,0,,0.47,,0,316,0,,,
2017 - 18 Regular Season,Greyson Stewart,F,Swift Current Broncos,2001-08-24,2,0,0,0,0,,0.56,,0,336,0,,,NO
2017 - 18 Regular Season,Chad Nychuk,D,Brandon Wheat Kings,2001-03-06,3,0,0,0,0,0.5,0.52,-0.02,0,343,0,0,0,NO
2017 - 18 Regular Season,Mike MacLean,F,Seattle Thunderbirds,1998-07-09,38,2,0,2,4,0.5,0.5,0,2,329,0.01,0.8,0.4,NO
2017 - 18 Regular Season,Carter Spenst,D,Swift Current Broncos,2001-07-12,4,0,0,0,0,0,0.56,-0.56,0,336,0,,,NO
2017 - 18 Regular Season,Holden Kodak,F,Kootenay ICE,,2,0,0,0,0,0,0.43,-0.43,0,279,0,,,
2017 - 18 Regular Season,Alex Morozoff,F,Red Deer Rebels,2001-05-30,30,3,1,1,5,0.53,0.45,0.08,4,253,0.02,0.56,0.44,NO
2017 - 18 Regular Season,Gage Goncalves,F,Everett Silvertips,2001-01-16,1,0,0,0,0,,0.57,,0,306,0,,,NO
2017 - 18 Regular Season,Jacob Boucher,F,Lethbridge Hurricanes,2002-03-21,3,0,0,0,0,0,0.49,-0.49,0,311,0,,,NO
2017 - 18 Regular Season,Matthew Culling,F,Edmonton Oil Kings,2001-03-16,5,0,0,0,0,0,0.39,-0.39,0,253,0,,,NO
2017 - 18 Regular Season,Blake Stevenson,F,Tri-City Americans,2001-01-12,5,0,0,0,0,0,0.49,-0.49,0,316,0,,,NO
2017 - 18 Regular Season,Michael Horon,F,Lethbridge Hurricanes,2001-07-04,0,0,0,0,0,,0.49,,0,311,0,,,NO
2017 - 18 Regular Season,Jonathon Lambos,D,Brandon Wheat Kings,2001-01-14,1,0,0,0,0,0,0.52,-0.52,0,343,0,,,NO
2017 - 18 Regular Season,Eli Lieffers,F,Kootenay ICE,,2,0,0,0,0,1,0.43,0.57,0,279,0,0,0,
2017 - 18 Regular Season,Sean Gulka,F,Spokane Chiefs,2000-02-15,4,0,1,0,1,0.33,0.54,-0.21,1,372,0,1,1,YES
